split,error_group,pair_id,label,neural_score,neural_pred,outcome,left_title,right_title,left_brand,right_brand,left_price,right_price
valid,false_positive_high_score,29521578#96929485,0,1.0,1,FP,"APC SMART-UPS EXTERNAL BATTERY (RT SERIES), 192V (FOR SURT15KRMXLI & SURT20KRMXLI)",BỘ LƯU ĐIỆN UPS APC SURT20KRMXLI 20KVA,,APC,4206.7,205000000
valid,false_positive_high_score,78253269#96929485,0,1.0,1,FP,Ladies Daniel Wellington Sheffield Rose 36mm Watch DW00100036,BỘ LƯU ĐIỆN UPS APC SURT20KRMXLI 20KVA,,APC,149.00,205000000
valid,false_positive_high_score,96929485#90174187,0,1.0,1,FP,BỘ LƯU ĐIỆN UPS APC SURT20KRMXLI 20KVA,APC Smart-UPS SRT 10000VA 230V,APC,,205000000,10630.6
valid,false_positive_high_score,96929485#53472089,0,1.0,1,FP,BỘ LƯU ĐIỆN UPS APC SURT20KRMXLI 20KVA,Mikrotik Cloud Core Router 1036-12G-4S-EM,APC,Mikrotik,205000000,80800
test,false_positive_high_score,6175893#51848095,0,0.996576513311884,1,FP,Đồng hồ Tissot T006.207.11.038.00,Tissot T109.410.11.033.00,,,18140000,20390
test,false_positive_high_score,6175893#26986067,0,0.9944621164339682,1,FP,Đồng hồ Tissot T006.207.11.038.00,Tissot Mens T-Sport V8 Swissmatic White Dial Bracelet Watch T106.407.11.031.01,,Tissot,18140000,351.00
test,false_positive_high_score,56698149#45220776,0,0.9924204348548196,1,FP,Epson Ultra Glossy Photo Paper,"EPSON S041944 ultra glossy photo paper 300g/m², 13x18cm/50vel",Epson,,2150,
test,false_positive_high_score,66481726#35452020,0,0.992156025399696,1,FP,iPhone SE Screen - Fix Kit / Black / New / Fix Kit / White / New / Part Only / Black / New / Part Only / White / New,iPhone 7 Plus Lightning Connector Assembly - Gray / New / Fix Kit / White / New / Fix Kit / Black / New / Fix Kit / Gray / New / Part Only / White / New / Part Only / Black / New / Part Only,,,44.99,44.99
test,false_positive_high_score,6175893#55154351,0,0.9900528632829604,1,FP,Đồng hồ Tissot T006.207.11.038.00,TISSOT EVERYTIME MEDIUM T109.410.11.033.00 (T109.410.11.033.00),,,18140000,260.00
test,false_positive_high_score,6175893#64388647,0,0.9892335209744726,1,FP,Đồng hồ Tissot T006.207.11.038.00,TISSOT T095.417.11.067.00 QUICKSTER,,,18140000,10530.00
test,false_positive_high_score,56159566#29009865,0,0.9889600346120624,1,FP,Tissot Mens T-Race Cycling Dark Blue Watch T111.417.37.441.06,Tissot T111.417.37.441.05 T-Race Cycling Chronograph Black PVD 44mm,Tissot,,385.95,11820000
test,false_positive_high_score,24931990#29009865,0,0.9880911398768218,1,FP,Tissot T-Race Chronograph Cycling Chronograph,Tissot T111.417.37.441.05 T-Race Cycling Chronograph Black PVD 44mm,,,6.75E2,11820000
test,false_positive_high_score,4395083#68021989,0,0.9874603493453024,1,FP,DJI Mavic 2 Enterprise Dual,DJI Mavic 2 Enterprise (Zoom) w/ Smart Controller and DJI Enterprise Shield Basic,,,999999,2.995E3
test,false_positive_high_score,29009865#7185118,0,0.9867871546181628,1,FP,Tissot T111.417.37.441.05 T-Race Cycling Chronograph Black PVD 44mm,Tissot T-Race Cycling T111.417.27.441.00,,,11820000,433.78
test,false_positive_high_score,45858702#66481726,0,0.9865264145967124,1,FP,iPhone 4S Screen - New / Fix Kit / Black / новое / New / Fix Kit / White / новое / New / Part Only / Black / новое / New / Part Only / White / новое,iPhone SE Screen - Fix Kit / Black / New / Fix Kit / White / New / Part Only / Black / New / Part Only / White / New,,,39.99,44.99
test,false_positive_high_score,77900148#32297124,0,0.985988145392228,1,FP,Dutch Doobadoo - Dutch Card Art - Apple,Dutch Doobadoo - Dutch Card Art - Sneeuwbol,,,4.75,4.75
test,false_positive_high_score,6189668#76350435,0,0.9859838417494527,1,FP,iPhone XR Screen - Fix Kit / New / Part Only / New,iPhone 6s Screen - New / Fix Kit / Black / Yeni / New / Fix Kit / White / Yeni / New / Part Only / Black / Yeni / New / Part Only / White / Yeni,,,109.99,59.99
test,false_positive_high_score,30058882#4395083,0,0.9853527143881532,1,FP,DJI Mavic 2 Enterprise Dual with Shield Protection or Smart Controller,DJI Mavic 2 Enterprise Dual,DJI,,3350.00,999999
train,false_positive_high_score,14128915#67646392,0,0.985225816071231,1,FP,Shimano Dura-Ace CS-R9100 Cassette 11-speed,CS-R9100 CASSETTE 11-25 DURA-ACE 11-SPEED,,,22265,559.0
train,false_positive_high_score,31276154#14128915,0,0.9852203686151996,1,FP,Shimano Shimano Cs-R9100 Cassette 11-25 Dura-Ace 11-Speed,Shimano Dura-Ace CS-R9100 Cassette 11-speed,Shimano,,339.99,22265
test,false_positive_high_score,35452020#75325202,0,0.984643273521233,1,FP,iPhone 7 Plus Lightning Connector Assembly - Gray / New / Fix Kit / White / New / Fix Kit / Black / New / Fix Kit / Gray / New / Part Only / White / New / Part Only / Black / New / Part Only,iPhone SE Screen - Fix Kit / Black / 全新 / Fix Kit / White / 全新 / Part Only / Black / 全新 / Part Only / White / 全新,,,44.99,44.99
test,false_positive_high_score,6189668#45858702,0,0.9844342807519773,1,FP,iPhone XR Screen - Fix Kit / New / Part Only / New,iPhone 4S Screen - New / Fix Kit / Black / новое / New / Fix Kit / White / новое / New / Part Only / Black / новое / New / Part Only / White / новое,,,109.99,39.99
test,false_positive_high_score,74588061#6175893,0,0.9836606646198562,1,FP,Tissot T048.417.27.057.00,Đồng hồ Tissot T006.207.11.038.00,,,15910.00,18140000
test,false_positive_high_score,66481726#76350435,0,0.983635110892906,1,FP,iPhone SE Screen - Fix Kit / Black / New / Fix Kit / White / New / Part Only / Black / New / Part Only / White / New,iPhone 6s Screen - New / Fix Kit / Black / Yeni / New / Fix Kit / White / Yeni / New / Part Only / Black / Yeni / New / Part Only / White / Yeni,,,44.99,59.99
test,false_positive_high_score,68464601#1547160,0,0.9832624512920772,1,FP,Garmin STRIKER Plus 7sv with Transducer,Garmin Striker Plus 5cv Fishfinder with GT-20TM Transducer,,,499.99,399
test,false_positive_high_score,90494765#29009865,0,0.9832386010143552,1,FP,Tissot T111.417.37.441.04 T-Race Cycling (Choose free two-day shipping at checkout),Tissot T111.417.37.441.05 T-Race Cycling Chronograph Black PVD 44mm,,,4.95E2,11820000
valid,false_positive_high_score,83455425#35724064,0,0.9823898160223036,1,FP,Ubiquiti UVC-G3-FLEX UniFi Video Flex Manually Adjustable 1080p PoE Indoor/Outdoor IP Camera (3 Pack),Ubiquiti UVC-G3-FLEX UniFI IP Dome Camera,UBIQUITI,,195.91,$‎147.95
test,false_positive_high_score,25351062#66481726,0,0.982260337238618,1,FP,iPhone 4S Screen - New / Fix Kit / Black / Yeni / New / Fix Kit / White / Yeni / New / Part Only / Black / Yeni / New / Part Only / White / Yeni,iPhone SE Screen - Fix Kit / Black / New / Fix Kit / White / New / Part Only / Black / New / Part Only / White / New,,,39.99,44.99
test,false_positive_high_score,37696616#18510686,0,0.9821737200727998,1,FP,Epson Premium Glossy Photo Paper - A4 - 20 Sheets,Epson A4 Glossy Photo Paper 20 Sheets,,,19.80,9.96
valid,false_positive_high_score,61976083#45988376,0,0.9818504001530656,1,FP,Brother HL-L6200DW Wireless High Speed Mono Laser Printer - Duplex Printer,BROTHER MFC-L2710DW COMPACT LASER ALL-IN-ONE WITH DUPLEX PRINTING WITH WIRELESS NETWORKING - COPIER/FAX/PRINTER/SCANNER - 32 PPM MONO PRINT - 2400 X 600 DPI PRINT - AUTOMATIC DUPLEX PRINT - 1200 DPI OPTICAL SCAN - 250 SHEETS INPUT - ETHERNET - WIRELE,,,529.00,$249.99
test,false_positive_high_score,24457389#52120879,0,0.981751817728926,1,FP,Sharp Toner Cyan 15k - MX-2640,Sharp Toner Cyan 15k - MX2300/2700,Sharp,Sharp,1295,1395
valid,false_positive_high_score,63386383#88950114,0,0.9809379599895608,1,FP,Fujifilm XF-56mm f1.2 APD,Fujifilm XF-56mm f1.2 R,,Fujifilm,999.00,879.49
test,false_positive_high_score,6189668#25351062,0,0.9801530338639132,1,FP,iPhone XR Screen - Fix Kit / New / Part Only / New,iPhone 4S Screen - New / Fix Kit / Black / Yeni / New / Fix Kit / White / Yeni / New / Part Only / Black / Yeni / New / Part Only / White / Yeni,,,109.99,39.99
test,false_positive_high_score,56698149#18510686,0,0.9792200756464786,1,FP,Epson Ultra Glossy Photo Paper,Epson A4 Glossy Photo Paper 20 Sheets,Epson,,2150,9.96
test,false_positive_high_score,63634340#30137322,0,0.979204300474048,1,FP,"Zebra Black Monochrome Ribbon - K - 1,000 prints","Zebra Gold Monochrome Ribbon - 1,000 prints",zebra,zebra,,
test,false_positive_high_score,28797890#28797891,0,0.9791306324748912,1,FP,Shimano BR-M8120 XT 4-Piston Disc Brakes - Rear Brake (1700mm),Shimano BR-M8120 XT 4-Piston Disc Brakes - Front Brake (1000mm),Shimano,Shimano,209.99,209.99
test,false_positive_high_score,88943801#66481726,0,0.978867827191914,1,FP,iPhone 6s Screen - New / Fix Kit / Black / Neu / New / Fix Kit / White / Neu / New / Part Only / Black / Neu / New / Part Only / White / Neu,iPhone SE Screen - Fix Kit / Black / New / Fix Kit / White / New / Part Only / Black / New / Part Only / White / New,,,59.99,44.99
test,false_positive_high_score,85035598#37728852,0,0.9788487709476243,1,FP,Fisher & Paykel WH8060J3 8kg Front Load Washing Machine,Fisher & Paykel 10kg Front Load Washing Machine,Fisher & Paykel,,799,1298
test,false_positive_high_score,88943801#6189668,0,0.9788188110952428,1,FP,iPhone 6s Screen - New / Fix Kit / Black / Neu / New / Fix Kit / White / Neu / New / Part Only / Black / Neu / New / Part Only / White / Neu,iPhone XR Screen - Fix Kit / New / Part Only / New,,,59.99,109.99
valid,false_positive_high_score,17212553#62172007,0,0.9787983226264116,1,FP,Corsair ML Series ML120 PRO LED Premium Magnetic Levitation,Corsair ML Series ML140 PRO LED Premium Magnetic Levitation,Corsair,Corsair,265,284
test,false_positive_high_score,88943801#35452020,0,0.978427161753343,1,FP,iPhone 6s Screen - New / Fix Kit / Black / Neu / New / Fix Kit / White / Neu / New / Part Only / Black / Neu / New / Part Only / White / Neu,iPhone 7 Plus Lightning Connector Assembly - Gray / New / Fix Kit / White / New / Fix Kit / Black / New / Fix Kit / Gray / New / Part Only / White / New / Part Only / Black / New / Part Only,,,59.99,44.99
test,false_positive_high_score,56698149#65979382,0,0.9779066213078014,1,FP,Epson Ultra Glossy Photo Paper,Epson Premium Glossy Photo A4 Paper (Pack of 50) C13S041624,Epson,,2150,36.11
test,false_positive_high_score,25351062#35452020,0,0.9775258592308296,1,FP,iPhone 4S Screen - New / Fix Kit / Black / Yeni / New / Fix Kit / White / Yeni / New / Part Only / Black / Yeni / New / Part Only / White / Yeni,iPhone 7 Plus Lightning Connector Assembly - Gray / New / Fix Kit / White / New / Fix Kit / Black / New / Fix Kit / Gray / New / Part Only / White / New / Part Only / Black / New / Part Only,,,39.99,44.99
test,false_positive_high_score,35452020#45858702,0,0.9767914712158436,1,FP,iPhone 7 Plus Lightning Connector Assembly - Gray / New / Fix Kit / White / New / Fix Kit / Black / New / Fix Kit / Gray / New / Part Only / White / New / Part Only / Black / New / Part Only,iPhone 4S Screen - New / Fix Kit / Black / новое / New / Fix Kit / White / новое / New / Part Only / Black / новое / New / Part Only / White / новое,,,44.99,39.99
test,false_positive_high_score,75325202#25351062,0,0.9760138941464076,1,FP,iPhone SE Screen - Fix Kit / Black / 全新 / Fix Kit / White / 全新 / Part Only / Black / 全新 / Part Only / White / 全新,iPhone 4S Screen - New / Fix Kit / Black / Yeni / New / Fix Kit / White / Yeni / New / Part Only / Black / Yeni / New / Part Only / White / Yeni,,,44.99,39.99
test,false_positive_high_score,56774153#60071236,0,0.975879648478435,1,FP,"Card Art Card Baby romper, Dutch Doobadoo 470.713.595",Dutch Doobadoo Card Art 3733 Snowdome,,,2.75,3.15
valid,false_positive_high_score,79599413#55369895,0,0.975729759010974,1,FP,"EPSON Multipack fr EPSON Stylus Photo R200 / R300 Inhalt: je 1x light cyan, cyan, light magenta, magenta, gelb, schwarz (neu: C13T04874010 / alt: C13T048140A0) R220 / R320 / R340 / RX500 / RX600 / RX620 / RX640",Epson STYLUS PHOTO R3000 BLACK INK,EPSON,,99.41,24.81
test,false_positive_high_score,35452020#76350435,0,0.9755459278505572,1,FP,iPhone 7 Plus Lightning Connector Assembly - Gray / New / Fix Kit / White / New / Fix Kit / Black / New / Fix Kit / Gray / New / Part Only / White / New / Part Only / Black / New / Part Only,iPhone 6s Screen - New / Fix Kit / Black / Yeni / New / Fix Kit / White / Yeni / New / Part Only / Black / Yeni / New / Part Only / White / Yeni,,,44.99,59.99
train,false_positive_high_score,98586705#25435848,0,0.975336973970805,1,FP,Apple 60W MagSafe 2 Power Adapter Macbook 60w Magsafe2 Power Adapter,APPLE APPLE 60W MAGSAFE POWER ADAPTER,,APPLE,79.0000,1049.00
valid,false_positive_high_score,76444235#81158427,0,0.9753039815511524,1,FP,"HDD: 8 Tb (3.5\"") 7200 Seagate IronWolf Pro SATA III 256Mb (ST8000NE001)","HDD: 16 Tb (3.5\"") 7200 Seagate IronWolf Pro SATA III 256Mb",Seagate,Seagate,,
train,false_negative_low_score,30642803#60611010,1,0.0292144744109308,0,FN,Light Light Black T596900 UltraChrome HDR 350 ml,Epson GF Stylus Photo 7900/9900 Cartucho Gris Claro,,,"577,97 zł netto",156.71073
valid,false_negative_low_score,90381969#66536513,1,0.0361190820339775,0,FN,Canon EF-S 18-200mm f3.5-5.6 IS Lens,Ilford FP4 125 Film 120,,Ilford,699.99,7.99
test,false_negative_low_score,25890087#2202474,1,0.0477993469905889,0,FN,Canon EOS RP Mirrorless Digital Camera with 24-240mm Lens,Shimano Di2 EW-SD50 E-Tube Wire (500mm),CANON,Shimano,0.0,25.99
test,false_negative_low_score,42244827#46966734,1,0.0512583896382576,0,FN,CCW-5C Crank Bolt Bike Wrench,Park Tool CCW-5 Kurbelschraubenschlüssel,,Park Tool,1.195E1,12.99
train,false_negative_low_score,67977820#44240169,1,0.0585338384886009,0,FN,Canon CLI251XL High Yield Black Inkjet Cartridge Remanufactured,Canon CNM6448B001-6448B001 CLI-251XL ChromaLife100 High-Yield Ink,,Canon,6.95,19.99
train,false_negative_low_score,86779035#3719213,1,0.0605514108845925,0,FN,Ilford FP4+ 125 B&W 120 Film,Canon EF-S 18-200mm f/3.5-5.6 IS Lens,,Canon,5.99,
train,false_negative_low_score,13891853#94260392,1,0.0659251703584789,0,FN,Originali CANON Pg-40 + Cl-41 Pixma IP1200 IP1600 IP2200 IP1700 IP1900 IP1300,Original Ink Cartridge (pack of 2) Canon PG-40/CL41 Tricolour Black,,,48.4,5.92E1
train,false_negative_low_score,19193587#34370737,1,0.0682613624534294,0,FN,Cisco WS-C2960-48TT-L 48-Port Managed Ethernet Switch,Catalyst 2960 48 10/100 Ports + 2 1000BT LAN Base Image,,CISCO,25.00,€ 5313.02
train,false_negative_low_score,74177033#22846600,1,0.0690907323661368,0,FN,"SanDisk Ultra SDDD3-256G-G46 256 GB Pen Drives (Black, Silver)",SanDisk Ultra Dual Drive m3.0 256GB Grey & Silver,,SANDISK,4224.4,280.14
train,false_negative_low_score,23819108#62941900,1,0.1070446455827773,0,FN,Tag Heuer - F1 Chronograph Quartz on Rubber Strap,Formula 1 Musta/Kumi Ø43 mm ref. CAZ1010.FT8024,Tag Heuer,,1095.00,1139
train,false_negative_low_score,36439966#15478999,1,0.1107982085112167,0,FN,"Samsung 860 PRO SSD - Zwart, Rood","Samsung MZ-76P1T0 2.5\"" 1000 GB Serial ATA III V-NAND MLC",,,2.8556E2,339.99
test,false_negative_low_score,1875778#95428009,1,0.1161241149097871,0,FN,"SunRace MFE60 Srew-On Cassette 8-speed, chrom",kolečko 8 13-32z SunRace index pro e-bike,SunRace,,29.99,574.00
test,false_negative_low_score,15251180#2936385,1,0.1184035130232575,0,FN,Kingston 16GB PC4-21300 288-pin DDR4 SDRAM UDIMM,"16GB HyperX Predator DDR4 2666MHz, CL13, Black, DIMM Memory",,,225.37,74.17
valid,false_negative_low_score,12097009#37728130,1,0.1186933443427179,0,FN,PowerLink Gold Chain Connector 9-speed,"SRAM Power Lock Silver 9 Speed, 4Pcs",,SRAM,4.99,1190.0
train,false_negative_low_score,3719213#40039860,1,0.1192570504189473,0,FN,Canon EF-S 18-200mm f/3.5-5.6 IS Lens,"3 X Ilford FP4 Plus, Black and White Print Film, 120 (6 cm), ISO 125 (1678169)",Canon,,,9.0E0
valid,false_negative_low_score,85522935#35335928,1,0.1202191946928715,0,FN,TP-Link TL-WA850RE biely (TL-WA850RE),TP-Link 300Mbps Wireless Range Extender,,TP-Link,22.90,16.95
test,false_negative_low_score,39820474#57886904,1,0.1250902491625044,0,FN,Transcend SSD230 256GB best price,Ssd 230s 2.5in Sata 6gb/s 256gb,,,3.315E1,43.475188
train,false_negative_low_score,94445678#94260392,1,0.1321201441357981,0,FN,Canon PG-40 / CL-41 Multi pack,Original Ink Cartridge (pack of 2) Canon PG-40/CL41 Tricolour Black,,,31.46,5.92E1
train,false_negative_low_score,51583866#29412990,1,0.1368609248603975,0,FN,LaCie 4TB USBC USB 3.0 Aluminum enclosure MoonSilver,LaCie Mobile Drive USB-C Moon Silver 4To disque dur,,,2550.00,142.90
test,false_negative_low_score,83260638#40639947,1,0.1380332085825724,0,FN,9000 Series 8kg Heat Pump Dryer,AEG 8kg Front Load Dryer,,,2599.00,2799
train,false_negative_low_score,79825671#53034540,1,0.1381299410027763,0,FN,Toner Original Canon Amarelo (2659B002AA),Originlny toner CANON CRG-718 Y (lt),,Znaka: Originlne,114.47,95.9
valid,false_negative_low_score,47959304#96565508,1,0.1443682391569724,0,FN,Epson C13T865140 WF-51xx/56xx Cartridge XXL Mono,"Original Tinte Epson T8651, ca. 10.000 S., schwarz",,Epson,549,94.46
valid,false_negative_low_score,52075948#36782025,1,0.1457967813162521,0,FN,INK JET ORIGINALE NERO PER EPSON C13T70314010 - WP-4515DN / WP-4525DNF / WP-4535DWF / WP-4545DTWF / WP-4015DN,Epson Black Inkjet Cartridge. For use in WP4000/4500 machines. Page Yield - up to 1200 pages. OEM Ref - T703140. (Big Ben) EP49005,,Epson,,28.68
train,false_negative_low_score,79475473#51670079,1,0.1485559561158354,0,FN,TURBO HD DVRDS-7216HQHI-K1 1080P,Hikvision 16CH Turbo Full HD1080P DVR,,,610000,450
valid,false_negative_low_score,66291779#22886486,1,0.1555401266026601,0,FN,Switch 8 puertos 10 100 1000,Switch TL-SG1008 8 porturi,,Tp-link,"51,73€",152.99 Lei;
test,false_negative_low_score,83052078#57297547,1,0.1566224096792756,0,FN,Ray-Ban Sunglass - Round Style Light Havana Tortoise frame with Gradient Brown Lens - RB4184 710/83,Ray Ban N/a 4184 Sunglasses,,,8.999E1,179.0
train,false_negative_low_score,9293181#21625512,1,0.1615385258313454,0,FN,"Netgear 52p GS748T-500EUS (48x10/100/1000Mbit 2xSFP,Combo)",48-Port Gigabit Smart Switch,,,1129,
test,false_negative_low_score,93784937#40002118,1,0.1646023029038819,0,FN,"25 Rounds of 12ga 2-3/4\"" Ammo by Winchester AA Lite Handicap - 1 ounce #7 1/2 shot","Winchester AA Super Handicap 12 Gauge 2 3/4"" 1Oz #7.5 Ammunition AAHLA127",,,10.5,12.09
train,false_negative_low_score,40397686#21576898,1,0.1676982093701672,0,FN,MVK500AM Tripod with fluid video head Lightweight with Side Lock,Manfrotto Stativ Video Set MVH500A + MVT502AM + Tasche,,Manfrotto,349.00,456.23
valid,false_negative_low_score,29301320#91421555,1,0.1707866032720379,0,FN,FLUID VIDEO SYSTEM MVH500A HEAD WITH MVT502AM TRIPOD,Manfrotto MVK500AM Tripod Kit Alum Twin Leg,,,9.789995999999999E2,661.1
train,false_negative_low_score,95198922#91626577,1,0.1723762065484354,0,FN,Daddario Regular Gauge Long Scale Bass,"D'Addario EXL160 Nickel Wound Bass Medium, 50-105",,,19.99,19.99
valid,false_negative_low_score,13760497#98077329,1,0.1759555155451186,0,FN,WD RED 2.5 1TB SATA3 NAS (MB),Western Digital Red 1TB 16MB SATA III (WD10JFCX),,Western Digital,"118,89 €",
valid,false_negative_low_score,62832612#20999528,1,0.1760820309008699,0,FN,Formula 1 Svart/Gummi Ø43 mm ref. CAZ1010.FT8024,TAG Heuer Formula 1 Men's Black Rubber Strap Watch,,,11495,1150
train,false_negative_low_score,48509935#20910428,1,0.1766881601147907,0,FN,Shimano MT800 Hollowtech II Bottom Bracket,Butuc pedalier Shimano Deore XT BB-MT800,,,,100.00
test,false_negative_low_score,19743674#76478929,1,0.1816007964884916,0,FN,Pacsafe - Venturesafe X12 Backpack - Daypack - Black | 12 l,"Venturesafe X12 Rucksack 13″ Polyester, Nylon schwarz",,Pacsafe,6.967E1,76.65
test,false_negative_low_score,19121174#20353680,1,0.1824863713108274,0,FN,Genuine Brother LC223VALBP Ink Cartridge Multipack,Brother Value Pack (Lc-223 Bk/C/M/Y),,,66.01,6.12E1
valid,false_negative_low_score,37590384#28161805,1,0.1828258445277127,0,FN,Genuine Epson C13T636800 Matte Black High Capacity Ink Cartridge (T6368MBKHOEM),Epson Blekk Matt Svart Ultrachrome HDR - PRO 7900,Epson,Epson,275.99,3195
valid,false_negative_low_score,76514695#84262325,1,0.1853628392382559,0,FN,Originln toner CANON CRG-707 C (Azurov),CANON 707 (LBP-5000) Cyan,Znaka: Originln,,2099,
train,false_negative_low_score,22106476#51583866,1,0.1856942791304367,0,FN,LaCie Mobile Drive STHG4000400 - hard drive - 4 TB - USB 3.1 Gen 2,LaCie 4TB USBC USB 3.0 Aluminum enclosure MoonSilver,,,134.99,2550.00
train,false_negative_low_score,80394711#26140067,1,0.1893192212817893,0,FN,"Corsair Vengeance 16GB RAM 2 X 8GB, DDR4, 3200MHz 16GB 2 x 288 DIMM, Unbuffered, 16-18-18-36, LPX Black Heat spreader, 1.35V",Corsair 2x8GB DDR4 3200MHz CL16 Vengeance LPX RAM (CMK16GX4M2B3200C16) (Limited Lifetime with Local Distributor Convergent),,,1.4899E2,115.00
train,false_negative_low_score,46774987#39801058,1,0.1913408222729065,0,FN,Logitech B100 Optical USB Mouse (Black),Wired Mouse Desktop 3-Button Black,,,5.47E0,11.79
test,false_negative_low_score,29107458#58547777,1,0.1963898190114357,0,FN,AEG 8kg Heat Pump Dryer with AbsoluteCare System,AEG 8kg Front Load Dyer,,,1599,2099
test,false_negative_low_score,24936536#2174287,1,0.2020680757980045,0,FN,EPSON ink čer Singlepack UltraChrome XD2 Black T40C140(50ml),Epson T40C1 Patron Bk 50ml (Eredeti),Epson,,49,19966
valid,false_negative_low_score,3789182#32182477,1,0.2025182954538341,0,FN,Originlny toner XEROX 106R01634 (ierny),Xerox Phaser 6000/ 6010 Black print cartridge,Znaka: Originlne,,66.9,162.00
valid,false_negative_low_score,17212553#48406238,1,0.2061119499534668,0,FN,Corsair ML Series ML120 PRO LED Premium Magnetic Levitation,Cooler Master Corsair ML120 PRO LED Red 120mm Fan CO-9050042-WW,Corsair,Cooler Master,265,44.99
train,false_negative_low_score,73834318#54722600,1,0.2123356130975841,0,FN,Canon PGI29 Light Grey Lucia Ink,Tinteiro Original Canon PGI-29 Cinzento Claro (4872B001),,,24.52,27.37
test,false_negative_low_score,26995615#71622657,1,0.2126690239068774,0,FN,Uni Posca Marker PC-5M 1.8-2.5MM Ivory,Posca Paint Markers - Medium Bullet,,,19.81,5.36
valid,false_negative_low_score,69951577#11601332,1,0.2128846078451672,0,FN,Originlny toner Brother TN-135 lt,Brother TN-135Y Laserkasetti yellow,Znaka: Originlne,,150.9,"138,71 €"
test,false_negative_low_score,603915#45998287,1,0.2131184309770805,0,FN,"55"" Class TU7000 Crystal UHD 4K Smart TV (2020)",55 IN FLAT LED 4K TV,,,438.96,699.99
test,false_negative_low_score,35983151#1690889,1,0.2133631069447414,0,FN,"Galaxy A51 Dual SIM (4/128GB, schwarz) - EU Modell",Smartphone Samsung Galaxy A51 4GB 128GB Preto,,,315.00,265.82
train,borderline_false_positive,64715021#43951434,0,0.6600302654823056,1,FP,HIKVISION DS-7204HQHI-K1 2MP TVI 4 CHANNEL TURBO 4.0 DVR,"HIK 8-CH TURBO 4.0 DVR, DS-7208HQHI-K1",,,72.00,0.00
test,borderline_false_positive,172054#17058930,0,0.6600498891087986,1,FP,"250 Rounds of 2-3/4\"" 1-1/8 ounce #7-1/2 shot 12ga Ammo by Estate Cartridge",250 Rounds of 1 ounce #8 shot 12ga Ammo by Winchester,,,60,72.95
valid,borderline_false_positive,70291557#95592561,0,0.6600794863417272,1,FP,Kingston Canvas Select Plus SDHC Memory Card UHS-I 4K FULL HD 100MB/s - 32GB,Kingston Canvas Select Class 10 Micro SD Card - 32GB,Kingston,Kingston,,19.99
train,borderline_false_positive,67646392#51733905,0,0.6603930837204222,1,FP,CS-R9100 CASSETTE 11-25 DURA-ACE 11-SPEED,Shimano Shimano Cs-R8000 Cassette 11-28t Ultegra 11-Speed,,Shimano,559.0,117.99
valid,borderline_false_positive,331049#2158913,0,0.6604495045180748,1,FP,Dura-Ace 9100 11-Speed Cassette,Shimano Dura-Ace CS-R9100 11-28T 11sp Cassette,,Shimano,255.99,296.99
train,borderline_false_positive,24085271#23346990,0,0.6604799291761159,1,FP,Jabra Evolve 40 Duo UC USB Headset,Jabra Evolve 20 UC Mono Corded USB Headset,,Jabra,85.29,41.99
valid,borderline_false_positive,21556335#45840265,0,0.660661895960967,1,FP,Zebra 800033-801 Black Monochrome Ribbon for ZXP Series 3 Printers - 1000 Prints,"Zebra 800011-101 Black Monochrome Ribbon - K - 1,000 prints",,,18.13,27
test,borderline_false_positive,40458528#8035591,0,0.6608095279196741,1,FP,Nikon EN-EL23 Rechargeable Li-ion Battery for P600/610 and P900,FENIX ARE-A4 Multifunctional Smart Battery Charger for Popular Rechargeable Batteries,,FENIX,69.99,39.95
train,borderline_false_positive,457768#77996967,0,0.6609272223607906,1,FP,"Seagate IronWolf 6TB 3.5"" NAS HDD",12TB - Seagate IronWolf NAS 7200RPM - ST12000VN0008,,,0,309.8
test,borderline_false_positive,21436544#88491960,0,0.6609471679494205,1,FP,Manfrotto MK055XPRO3-BHQ2 Tripod Kit w/ Ball Head,Manfrotto MK190X3-3W1 Aluminium Tripod with 804 Mk II head,,,429.99,179.00
valid,borderline_false_positive,64148934#80914174,0,0.6611023224930185,1,FP,MB ASUS PRIME PRIME B365M-A LGA1151 (COFFEE LAKE) 4DDR4 VGA+DVI+HDMI PCIe M2 Raid mATX,MB Presa AM4 ASUS PRIME B450-PLUS,,,106.63,93.66
valid,borderline_false_positive,35724064#44517360,0,0.6612601884707714,1,FP,Ubiquiti UVC-G3-FLEX UniFI IP Dome Camera,"Ubiquiti Unifi Uvc-g4-pro 8 Megapixel Network CameraBullet - H.264 - 3840 X 2160 - 3x Optical - Os08a20 - Wall Mount, Ceiling Mount, Pole Mount",,,$‎147.95,431.09
train,borderline_false_positive,10320617#98066391,0,0.6612610021138635,1,FP,ASUS Scheda Madre TUF X470-PLUS GAMING AMD X470,ASUS Scheda Madre ROG STRIX X570-F GAMING AMD,,,"€ 198,00","€ 336,00"
train,borderline_false_positive,91661707#48868171,0,0.661431643100242,1,FP,ZEBRA 800011-101 BLACK RIBBON (1000 PRINTS),ZEBRA 800033-801 BLACK RIBBON (1000 PRINTS),,,12.65,9.5
test,borderline_false_positive,68819356#81510647,0,0.661475325818632,1,FP,"Garmin 010-01872-00 Striker Plus 5Cv with Cv20-TM transducer, 5 inches",Garmin echoMAP(tm) Plus 43cv,Garmin,,299.99,
train,borderline_false_positive,78190984#12727811,0,0.6615812504771714,1,FP,Brother HL-L5200DW Business Laser Printer with Wireless Networking and Duplex Printing - HL-L5200DW,"Brother HL-L6200DW Business Laser Printer with Wireless Networking, Duplex Printing - HL-L6200DW",Brother,Brother,275.98,299.98
train,borderline_false_positive,50250903#44557157,0,0.6616368175250952,1,FP,Ubiquiti UniFi Protect UVC-G4-PRO,Ubiquiti UVC-G3-FLEX-3 UniFi Protect G3 FLEX Camera 3-Pack,Ubiquiti,,6195,$‎234.95
train,borderline_false_positive,8165330#49183975,0,0.6618739481682793,1,FP,TP-Link TL-SG1008 8xRJ45 10/100/1000Mbps,TP-LINK TL-SG108PE Unmanaged Gigabit Ethernet (10/100/1000) Zwart Power over Ethernet (PoE),,TP-Link,31.46,56.40
test,borderline_false_positive,50066280#43886265,0,0.6620536960777058,1,FP,"COOLER MASTER CASE H500P MESH ARGB MID TOWER, SIDE PANEL, MICROATX-MINI ITX, 2XUSB 3.2, 2XUSB 2.0, 1X3.5MM AUDIO JACK, 1X3.5MM MIC JACK, 1XARGB CONTROLLER, 1XARGB 2-TO-3 SPLITTER, 2X200MM ARGB FAN FRONT, 1X140MM ARGB FAN REAR, NERO",CASE/PSU FAN COOLER MASTER MASTERFAN SF120M,,Cooler Master,215.00,29.99
test,borderline_false_positive,32364706#49774127,0,0.6620938024836851,1,FP,Rondure 1 Light Sphere Pendant,Uttermost 21908 Fascination 3 Light Silken Drum Pendant Light,,,6.2216E2,7.898E2
train,borderline_false_positive,56603137#74456310,0,0.6621653238077428,1,FP,Asus ROG STRIX B550-E GAMING AM4 ATX Motherboard,ASUS ROG Strix X570-F Gaming moederbord Socket AM4 ATX AMD X570,,ASUS,409.00,278.99
test,borderline_false_positive,89203603#9541340,0,0.6624863854860426,1,FP,Jabra Evolve 30 II MS Mono Corded Headset,Jabra Evolve 40 MS Duo PC Headset 52653,,,47.30,75.52
test,borderline_false_positive,19043769#57555036,0,0.662587294047636,1,FP,Ice-Watch015929 015769 ICE Steel,Samsung RS68N8941SL American Style Family Hub RS8000 Fridge Freezer With Ice & Water - STAINLESS STEEL,Ice-Watch,,20.00,1999.00
valid,borderline_false_positive,35335928#79680554,0,0.6628185621492767,1,FP,TP-Link 300Mbps Wireless Range Extender,TP Link TLWR841N 300Mbps Wireless N Router,TP-Link,TP Link,16.95,16.99
test,borderline_false_positive,9494941#77417818,0,0.6630302156028041,1,FP,Epson AL-C9300N Toner Cartridge Cyan 7.5k,OKI 42127407 Original Cyan High Capacity Toner Cartridge,,OKI,241.06,198.92
test,borderline_false_positive,44917290#7096972,0,0.6631279404256455,1,FP,Replica OMEGA Seamaster Steel Chronometer 220.10.40.20.01.001 Replica Watch,Buy Quality Replica Omega Seamaster 1948 Central Seconds Watch 511.13.38.20.02.001,,,124.2,
test,borderline_false_positive,75588119#57844601,0,0.6631707078716963,1,FP,Omega Seamaster 300 Men's Brown Leather Strap Watch,Omega Seamaster Planet Ocean Automatic Men's Watch,,,5000,"R 96,900.00"
valid,borderline_false_positive,4565572#45848737,0,0.663181393102631,1,FP,Epson Ink Cartridge XXL Black - C13T789140,Cartouche EPSON ENCRE CYAN XXL,Epson,EPSON,61.18,64.98
train,borderline_false_positive,1336630#2952392,0,0.663360633581749,1,FP,Carbide Series 275R Tempered Glass Mid-Tower Gaming Case — White,Carbide 175R RGB Windowed Mid-Tower Case Tempered Glass,,Corsair,3.9E2,69.90
train,borderline_false_positive,26425849#84438504,0,0.6634317673257107,1,FP,"16TB IronWolf Pro ST16000NE000, 7200 RPM, SATA 6Gb/s, 256MB cache, 3.5-Inch HDD","Seagate IronWolf Pro ST8000NE001 - Hard drive - 8 TB - internal - 3.5\"" - SATA 6Gb/s - 7200 rpm - buffer_ 256 MB - with 2 years Rescue Data Recovery Service Plan",,Seagate,555.21,235.97
valid,borderline_false_positive,10378072#26670555,0,0.6636942577312883,1,FP,Canon PGI-5BK Inkjet Cartridge Page Life 505pp 26ml Black 0628B025 Pack of 2,Canon PGI-29GY Grey Ink Cartridge,Canon,,33.06,260.0
train,borderline_false_positive,25917285#37848549,0,0.6637491445367095,1,FP,Ernie Ball 2627 Nickel Beefy Slinky Drop Tuning Electric Guitar,Ernie Ball Hybrid Slinky 9-46 Electric Guitar Strings,,,5.99,7.99
valid,borderline_false_positive,95592561#40125777,0,0.663939464483435,1,FP,Kingston Canvas Select Class 10 Micro SD Card - 32GB,Memoire Micro SDHC Kingston Technology Canvas Select,Kingston,Kingston Technology,19.99,27.99
valid,borderline_false_positive,27365404#1829891,0,0.6640094030645006,1,FP,Canon EF-S 10-18/4.5-5.6 IS STM,Canon EF-S 55-250 mm f/4-5.6 IS STM,Canon,Canon,23126,289
test,borderline_false_positive,18990791#47584848,0,0.6640186551376119,1,FP,Genuine Magenta OKI 44059166 Toner Cartridge - (44059166),Samsung - CLT-M404S - Magenta Toner,OKI,,131.21,72
train,borderline_false_positive,77260330#54277804,0,0.6641722590767191,1,FP,Cooler Master MasterLiquid ML360R ARGB 360mm Liquid CPU Cooler MLX-D36M-A20PC-R1 | PCByte,Cooler Master MasterLiquid ML120L V2 RGB Universal Socket 120mm PWM 1800RPM RGB LED AiO Liquid CPU Cooler,Cooler Master,,189.0,834.99
test,borderline_false_positive,86064590#7987227,0,0.6642073225307501,1,FP,WS-C3850-24P-E Cisco Catalyst 3850 Network Switch (Refurb),Switch CISCO WS-C2960XR-24PS-I,,Cisco,1081.00,43773.34
train,borderline_false_positive,53178675#2078865,0,0.6642614386560979,1,FP,Genuine Epson C13T70124010 Cyan Extra High Capacity Ink Cartridge (T7012CHOEM),Genuine Epson C13T70314010 Black Ink Cartridge (T7031BKOEM),Epson,Epson,63.99,31.99
train,borderline_false_positive,63745615#8302944,0,0.6644110439328432,1,FP,"Maxxis Maxxis Dissector Tire - 29 x 2.4, Tubeless, Folding, Black, 3C MaxxTerra, EXO, Wide Trail","Maxxis Minion DHR II Tire - 29 x 2.4, Tubeless, Folding, Black, 3C Maxx Grip, DH, Wide Trail",Maxxis,Maxxis,75.00,
test,borderline_false_positive,27147725#42626545,0,0.6644303857712374,1,FP,Pacsafe Venturesafe X18 Anti-theft Backpack (Black),PacSafe Pacsafe Camsafe X25 Backpack - Black,Pacsafe,PacSafe,119.95,179.99
train,borderline_false_positive,8785086#78660792,0,0.6645854381411189,1,FP,Samsung CLT-K404S Original Black Toner Cartridge,Samsung CLT-K406S Black Toner Cartridge (Compatible),,,205,34.42
test,borderline_false_positive,3360406#17131328,0,0.6651628428736235,1,FP,Genuine High Capacity Black Sharp MX-36GTBA Toner Cartridge - (MX36GTBA),Samsung ML-D3050B Original Black High Capacity Toner Cartridge,Sharp,Samsung,55.46,173.20
train,borderline_false_positive,82640108#63623853,0,0.6652952646732767,1,FP,ZEBRA 800015-101 BLACK RIBBON (1000 PRINTS),Zebra 800011-101 ZXP Series 1 Black Ribbon (1000 Prints),,Zebra,7.9,15.36
test,borderline_false_positive,18488295#96524902,0,0.6654192099712625,1,FP,"Epson C13T12834012 (T1283) Ink cartridge magenta, 140 pages, 4ml",Epson T1003 magenta ink cartridge for use in SX600FW/B40/BX600FW printers. OEM: C13T10034010. (Rhino) EP10034,,Epson,14.99,15.78
test,borderline_false_positive,31149883#71458054,0,0.6656603625732758,1,FP,Canon EF 200mm f2.8 L USM MKII Lens,Canon EF 400mm F2.8L IS III USM,,,634.35,12129.00
test,borderline_false_positive,3510603#679650,0,0.6659682299221735,1,FP,"KitchenAid 48\"" 6-Burner Commercial-Style Gas Rangetop with Griddle in Stainless Steel KCGC558JSS","30"" Single Wall Oven in Stainless Steel",,,4349.99,-1.0
valid,borderline_false_positive,49605449#5137860,0,0.6661740044703613,1,FP,Brother HL-L6300DW Business Laser Printer for Mid-Size Workgroups -HL-L6300DW,Brother HL-L8360CDW Laser Printer,Brother,Brother,479.98,588.76
test,borderline_false_positive,75322585#59622337,0,0.666218038439415,1,FP,Lezyne standing air pump Steel Floor Drive Tall black glossy,Lezyne vertical air pump CNC Digital Drive silver-glossy,Lezyne,Lezyne,50.08,100.00
train,borderline_false_positive,75910021#86407819,0,0.6662204383680871,1,FP,TP-LINK - 300Mbps Access Point,TP-LINK 450Mbps Wireless N Access Point / Range Extender,,,551.00,34.99
train,borderline_false_positive,69236418#18599997,0,0.666343452371973,1,FP,3M - Framed Privacy Filter for 19 Widescreen Monitor (16:10),3M - PF230W9F Framed Privacy Filter for 23.0in Widescreen Monitor,,,164.92,203.68
train,borderline_false_negative,25025467#77373298,1,0.6591563914793854,0,FN,Maxxis High Roller II 27.5 x 2.5 Wide Trail 3C Maxx Terra EXO/TR Folding Mountainbike Tyre,"Maxxis Maxxis, High Roller II, Tire, 27.5''x2.50, Folding, Tubeless Ready, 3C Maxx Terra, EXO, Wide Trail, 60TPI, Black",Maxxis,Maxxis,£48.00,102.00
train,borderline_false_negative,74103125#85384846,1,0.6590996989478305,0,FN,"ELEKTRO GTAR TEL SET, MEDIUM/HEAVY BOTTOM, NI",D'ADDARIO NYXL MED TOP/HVY BOTTOM 11/52 ELECTRIC STRINGS,DADDARIO,,109.61,25.99
train,borderline_false_negative,81056179#14537538,1,0.6590079575410783,0,FN,Diver 300M 42mm TITANIUM TANTALUM SEDNA GOLD ON TITANIUM TANTALUM SEDNA GOLD 210.60.42.20.99.001,Seamaster Diver 300m Limited Edition Titanium and 18ct Sedna Gold Automatic Men’s Watch,,,53072,11120
test,borderline_false_negative,23833261#55728462,1,0.6577339363103516,0,FN,"Monitor 23.8\"" ACER B247Ybmiprx, 16:9, IPS, LED, FHD 1920*1080, 4 ms, 250 cd/mp, 1000:1/ 100M:1, 178/178, pivot, VGA, HDMI, DP(1.2), UM.QB7EE.001","Acer B7 B247Y bmiprx 23.8\"" Full HD LED Mat Flat Zwart computer monitor",ACER,,729,137.20
train,borderline_false_negative,21521091#98651543,1,0.6577061598169391,0,FN,"High Roller II Tire - 29 x 2.3, Tubeless, Folding, Black, Dual, EXO","Maxxis Maxxis High Roller II Tire: 29 x 2.30\"", Folding, 60tpi, Dual Compound, EXO, Tubeless Ready, Black",,Maxxis,59.00,66.00
valid,borderline_false_negative,46318728#80353055,1,0.6571426538192692,0,FN,WS-C3560CX-12PC-S - Cisco Catalyst 3560CX Network Switch - Refurb'd,CISCO - CATALYST 3560-CX 12 PORT POE+ 240W,,,659.00,20362.50
train,borderline_false_negative,20878759#35930374,1,0.6570356248601981,0,FN,Traveler's Notebook Refill 008 (Regular Size) - Zipper Case,Traveler's Company 008. ZIPPERFILE MIDORI TRAVELER'S NOTEBOOK,,Traveler's Company,8.90,7.00
train,borderline_false_negative,31250695#17150838,1,0.6570283025459899,0,FN,Kingston DDR3-1600 8Gb HyperX Fury Blu (HX316C10F/ 8),Memória RAM Kingston_ValueRAM DDR3 HyperX 1600MHZ HX316C10F/8,Kingston,,,37.64
train,borderline_false_negative,12291734#1766796,1,0.6568624158831735,0,FN,New Era 39THIRTY MLB New York Yankees Fullcap - 10298279,Gorra New Era NY Yankees 39Thirty Cap,,,19.77,2.59E1
train,borderline_false_negative,4217254#86036015,1,0.6567671273776564,0,FN,"Corsair Vengeance LPXFekete DDR4, 2666MHz 8GB (1 x 8GB) memória",Corsair Vengeance LPX 8GB Black [1x8GB 2666MHz DDR4 CL16 1.2V XMP 2.0 DIMM],,,18100,1.699E2
test,borderline_false_negative,25096603#88491960,1,0.656225368832956,0,FN,Manfrotto MK190X Aluminum 3 Section Kit 3w Head,Manfrotto MK190X3-3W1 Aluminium Tripod with 804 Mk II head,,,294.99,179.00
train,borderline_false_negative,36013113#69434371,1,0.6561023213425127,0,FN,"HIK 4-PORT POE SWITCH, 1 UPLINK DS-3E0105P-E",Hikvision DS-3E0105P-E PoE Network Switch,,,0.00,75.00
train,borderline_false_negative,25536211#77791574,1,0.6560847162582658,0,FN,"1TB, M.2, 2280 PCIe Gen3x2, SSD, SX6000NP Lite",ADATA SSD 1TB XPG SX6000 Lite PCIe Gen3x4 M.2 2280 QLC (R:1800/W:1200 MB/s),,A-Data,103.68,118
test,borderline_false_negative,10762448#31526766,1,0.655467647335566,0,FN,APC Smart-UPS XL 48V Battery Pack - Battery enclosure - 48 V - 2 x Lead Acid- 5U,SUA48XLBPAPC Smart-UPS XL 48V Battery Pack Tower/Rack Convertible,,,9.055E2,845.79
train,borderline_false_negative,51899127#81069691,1,0.6553061096380464,0,FN,Jabra BIZ 2400 II QD NC Mono 3-1,Jabra BIZ 2400 Mark II - 3-in-1 Mono Headset,Jabra,Jabra,199,204.18
train,borderline_false_negative,44933260#15001240,1,0.6552104355337097,0,FN,Blaze Professional 27-Inch 2 Burner Built-In Gas Grill With Rear Infrared Burner & Lights,Blaze Professional 27-Inch 2-Burner Built-In Propane Gas Grill With Rear Infrared Burner - BLZ-2PRO-LP,,,2.49999E3,1999.99
valid,borderline_false_negative,20203772#46627365,1,0.6547474534684428,0,FN,Corsair Carbide 275R TG Mid Tower Gaming Case - White USB 3.0,"Carbide Series 275R Tempered Glass, No PSU, ATX, White, Mid Tower Case",,,7.498E1,125.17
test,borderline_false_negative,84471582#22972866,1,0.6545535951723271,0,FN,Philips 50PUS7504 4K UHD 50″,"Philips 50PUS7504/12, SMART TV LED Android, Ultra HD 4K, Ambilight, 126 cm",,,499,2399.99
train,borderline_false_negative,21075521#74483795,1,0.6542807354212536,0,FN,FUJIFILM Aspherical Super EBC XF 80mm f/2.8 R LM OIS WR Macro Lens,Fujifilm XF 80mm F2.8 R LM OIS WR Macro | 2 Years Warranty,,,1199.95,959
train,borderline_false_negative,37710503#19473276,1,0.6539986327091938,0,FN,Shimano PD-R7000 SPD-SL PEDALS 105,Shimano PD-R7000 105 Clipless Pedal,Shimano,Shimano,199.95,8770.0
train,borderline_false_negative,44450778#27314407,1,0.6537621338823354,0,FN,Switch Tp-Link 24 Puertos 10/100 - RJ45 Rack,TP-Link TL-SF1024 24-Port 10/100M Switch,TP-LINK,,"37,25",2590
train,borderline_false_negative,42477161#66637713,1,0.6536258835131448,0,FN,Seagate Backup Plus Slim STHN1000400 - hard drive - 1 TB - USB 3.0,"Seagate Backup Plus Slim Portable 1TB 2.5\"" USB3.0 Black",,,62.49,1356.00
train,borderline_false_negative,56904801#26230801,1,0.6530205630568944,0,FN,TISSOT HERITAGE VISODATE QUARTZ T118.410.11.057.00 (T118.410.11.057.00),Tissot VisoDate Heritage Mesh Bracelet Watch,,,292.50,195
train,borderline_false_negative,96391658#95968974,1,0.65274929912675,0,FN,GeForce® GTX 1660 OC Super™ TUF 3 Gaming6GB,ASUS nVidia Super TUF3-GTX1660S-O6G-GAMING GeForce GTX1660S OC 6GB Graphics Card - 3 Fans,,,263.9,499.00
test,borderline_false_negative,79368706#14576013,1,0.6525680978579173,0,FN,Hotpoint BI WMHG 71284 UK Integrated Washing Machine - White,Hotpoint BIWMHG71284 7kg 1200 Spin Integrated Washing Machine,,Hotpoint,340.00,325.0
train,borderline_false_negative,47164206#35054028,1,0.6525148302016389,0,FN,Shimano SM-MA90-F160-PS 160mm Front Disc Brake Adaptor,- Shimano A90 Disc Brake Post to IS 160mm,Shimano,,18.99,52.00
train,borderline_false_negative,32587863#66964006,1,0.6524938074834691,0,FN,"SanDisk ExtremePro SD 32GB,UHS-II, Read up to 300MB/s , Write up to 260MB/s , For super-fast continuous burst mode shots, maximum post-production workflow efficiency, and high-performance video recording",Sandisk 32GB Extreme Pro SDHC UHS-II 300MB/s,,,1.3494E2,69.00
test,borderline_false_negative,9932421#8035591,1,0.6519279872786077,0,FN,Fenix 21700 5000 mAh Li-ion Protected Battery,FENIX ARE-A4 Multifunctional Smart Battery Charger for Popular Rechargeable Batteries,Fenix,FENIX,25.95,39.95
test,borderline_false_negative,75922212#43606122,1,0.6518666514645616,0,FN,A-DATA UV128 128GB USB3.0 Stick Black,ADATA DashDrive UV128 128GB 128GB USB 3.0 BlackBlue USB flash drive,A-Data,,15.35,15.99
test,borderline_false_negative,23700955#55406516,1,0.6513062851367044,0,FN,Peak Design Everyday Sling v2,Everyday Sling V2 10L - Ash,,Peak Design,149.95,1349.0
train,borderline_false_negative,25025467#45946412,1,0.6509113304792093,0,FN,Maxxis High Roller II 27.5 x 2.5 Wide Trail 3C Maxx Terra EXO/TR Folding Mountainbike Tyre,"Maxxis Maxxis High Roller II Tire: 27.5 x 2.50\"", Folding, 60tpi, 3C MaxxTerra, EXO, Tubeless Ready, Wide Trail, Black",Maxxis,Maxxis,£48.00,85.00
train,borderline_false_negative,15787372#15160348,1,0.6505563383881107,0,FN,HIKVISION DS-7216HUHI-K2 (Turbo HD 4.0) 8MP/5MP/4MP,DS-7216HUHI-K2 Hikvision 16 Channel 5MP / 1080P HD-TVI Hybrid DVR with CVBS (Turbo4.0),,,1363.00,
valid,borderline_false_negative,6351022#3785159,1,0.650382255808932,0,FN,WS-C2960-48TT-L Cisco Catalyst 2960 Network Switch (New),WS-C2960-48TT-LCatalyst 2960 48 10/100 + 2 1000BT LAN Base Image,,,6.93E2,1.18
train,borderline_false_negative,7202423#88865914,1,0.649729212461592,0,FN,"Shimano Deore XT RD-M786 SGS Shadow Plus Rear Derailleur, Black",Shimano XT M786 Direct Mount Shadow Plus SGS Long-Cage Rear Derailleur 10 Speed,SHIMANO,Shimano,83.77,84.99
train,borderline_false_negative,20416876#81056179,1,0.6496291575319713,0,FN,Omega Seamaster Diver 300MTitanium and 18k Rose Gold Mens watch 210.60.42.20.99.001,Diver 300M 42mm TITANIUM TANTALUM SEDNA GOLD ON TITANIUM TANTALUM SEDNA GOLD 210.60.42.20.99.001,,,,53072
valid,borderline_false_negative,8232610#87747626,1,0.649505028660641,0,FN,WD Blue 3D NAND SATA SSD WDS100T2B0A - solid state drive - 1 TB - SATA 6Gb/,WESTERN DIGITAL - SSD 1TB BLUE 3D W530/R560MBPS 2.5 INTERNAL - WDS100T2B0A,,,112.99,115.00
train,borderline_false_negative,7383990#62384294,1,0.6493220564212525,0,FN,"Jabra BIZ 2400 II Duo - Mic. 82 NC, Wideband",BIZ 2400 II IP Duo NC (QD),,,400.00,
valid,borderline_false_negative,38344216#18159593,1,0.6489627420465353,0,FN,Corsair Vengeance LPX 32GB (2x16GB) DDR4 2666MHz(CMK32GX4M2A2666C16),Corsair Vengeance Lpx 32 Gb (2x16 Gb) Ddr4 Dram Dimm 2666 M Hz Unbuffered 16 18 18 35 Black Heat Spreader 1.2 V Xmp 2.0,,Corsair,35470,170.0
test,borderline_false_negative,48153881#52499440,1,0.6486713739143386,0,FN,Luminor 1950 3 Days Automatic : PAM00312,Luminor Marina 1950 3 Days Stainless Steel Automatic,Panerai,Pre-Owned Panerai,,6000.00
train,borderline_false_negative,29824338#94053979,1,0.6486431841111147,0,FN,Shimano Ultegra CS-R8000 11-Speed Cassette (Silver) (11-28T),Shimano Ultegra R8000 11 Speed Rear Cassette,Shimano,Shimano,72.99,£85.00
test,borderline_false_negative,44803528#7902742,1,0.6485225915770281,0,FN,Manfrotto BEFREE GT CARBON FIBRE TRAVEL TWIST BH,Manfrotto tripod kit Befree GT CF 4 MKBFRTC4GT-BH,,Manfrotto,799.00,339.00
train,borderline_false_negative,10067744#12706433,1,0.6484276075259889,0,FN,Life Extension Super Ubiquinol CoQ10 - 100 mg 60 softgels,Super Ubiquinol CoQ10 with Enhanced Mitochondrial Support 100 mg (60 Softgels),,,34.58,4.96E1
train,borderline_false_negative,40500483#12727811,1,0.6482518321726877,0,FN,Brother HL-L6200DW Monochrome Laser Printer With WiFi Network & Auto Duplex,"Brother HL-L6200DW Business Laser Printer with Wireless Networking, Duplex Printing - HL-L6200DW",,Brother,33399,299.98
train,borderline_false_negative,84310970#11542020,1,0.648004062058321,0,FN,Mouse USB Laser Wireless Logitech M510 Negru,Logitech M510 muis RF Draadloos Laser,,,"Pret:157,59RON",5.595E1
valid,borderline_false_negative,28284405#52522985,1,0.6476122529936298,0,FN,Sony SEL-70200G FE 70-200 mm F4 Lens,Sony 70-200mm f4.0 G OSS E Mount series Lens,Sony,Sony,7699,957.5
train,borderline_false_negative,8259237#9806466,1,0.6476032043640257,0,FN,8 Port Gigabit Easy Smart Switch With Po E,D-Link EasySmart DGS-1100-08P 8 Ports Manageable Ethernet Switch,Dlink,D Link,204.0,80.11
train,borderline_false_negative,77564821#47070583,1,0.6461076144799339,0,FN,Kingston 128GB microSDXC Canvas Select 80MB/s C10 UHS-I,Kingston Digital Canvas Select 128GB microSD Card w/ Adapter (SDCS-128GB),,Kingston Digital,90,
train,borderline_false_negative,64501518#71393533,1,0.6457984556980225,0,FN,Cartucho de Tinta Epson 18 Magenta,Original Epson 18 Magenta Ink cartridge (T1803),Epson,,7.95,10.95
valid,borderline_false_negative,76436896#61690853,1,0.6454988775228298,0,FN,Corsair Fan ML140 RGB LED PWM Single Pack Magnetic Levitation,CORSAIRMl140 Pro Rgb 140mm Premium Magnetic FAN CO-9050077-WW,Corsair,,0,56
train,borderline_false_negative,96920840#56459937,1,0.6454067867611397,0,FN,Jabra Evolve 40 UC Mono Bedrade Usb A Office Headset,Jabra EVOLVE 40 UC MONO USB Headset 6393-829-209,,,72.85,95.00
valid,true_positive_high_score,35589885#96929485,1,1.0,1,TP,"APC Smart-UPS RT - USV - 19\""-Rack montierbar - 230 V",BỘ LƯU ĐIỆN UPS APC SURT20KRMXLI 20KVA,,APC,12351.33,205000000
valid,true_positive_high_score,58786972#46197341,1,0.9982281441825804,1,TP,Razer Ornata Chroma Gaming Keyboard,"Tastatura Razer Ornata Chroma â€“ Multi-color Membrane Gaming Keyboard - US Layout, Wired USB Connection, Razer Mecha-Membrane Technology, Mid-height keycaps, Razer Chroma backlighting, Ergonomic wris",,,199.95,851.82
test,true_positive_high_score,196253#6175893,1,0.9981620572663652,1,TP,Tissot Le Locle T006.207.11.038.00,Đồng hồ Tissot T006.207.11.038.00,,,423.00,18140000
valid,true_positive_high_score,29732271#89895212,1,0.9975414935731608,1,TP,"Cooler Master Hyper H411R CPU Cooler with 92mm White LED PWM Fan, 4 Heat Pipes / Direct Contact / Aluminum Fins Intel: LGA 2066 / 2011-3 / 2011/1200/ 1151 /1150 /1155 /1156 / 1366 / 775, AMD AM4 / AM3+ / AM3 / AM2+ / AM2 / FM2+ / FM2 / FM1",Cooler Master CPU Cooler Hyper H411R,,,45,79
test,true_positive_high_score,55154351#51848095,1,0.9964832420073576,1,TP,TISSOT EVERYTIME MEDIUM T109.410.11.033.00 (T109.410.11.033.00),Tissot T109.410.11.033.00,,,260.00,20390
valid,true_positive_high_score,36012861#40412085,1,0.995381080896421,1,TP,Tissot Tradition T063.617.16.057.00,Tissot T-Classic T063.617.16.057.00 Tradition Chrono Black 42mm,,,365.55,10250000
train,true_positive_high_score,56736608#95961137,1,0.9937040990659328,1,TP,Atomos Coiled Full HDMI to Full HDMI Cable (30cm) - ATOMCAB010,Atomos ATOMCAB010 Coiled Full HDMI to Full HDMI Cable,Atomos,,29.00,22.96
valid,true_positive_high_score,6666822#46096282,1,0.9935380320111086,1,TP,Corsair K55 RGB Gaming Keyboard,CORSAIR K55 RGB Gaming Keyboard - Quiet & Satisfying LED Backlit Keys - Media Controls - Wrist Rest Included – Onboard Macro Recording | CH-9206015-NA,,,3850.00,308.00
test,true_positive_high_score,84686125#35452020,1,0.993353129113886,1,TP,"iPhone 7 Plus Lightning Connector Assembly, New, Fix Kit - Grey",iPhone 7 Plus Lightning Connector Assembly - Gray / New / Fix Kit / White / New / Fix Kit / Black / New / Fix Kit / Gray / New / Part Only / White / New / Part Only / Black / New / Part Only,,,69.99,44.99
valid,true_positive_high_score,14737778#79816290,1,0.9925773102299624,1,TP,"RAM Double U-Bolt Base with 2.25\"" Ball","RAM-D-235U - RAM Double U-Bolt Base with D Size 2.25\"" Ball for Rails from 0.75\"" to 1.25\"" in Diameter",,RAM Mounts,$64.05,
test,true_positive_high_score,32359565#19898746,1,0.992116274297723,1,TP,SEATTLE MARINERS THE LEAGUE 9FORTY ADJUSTABLE,New Era Curved Brim 9FORTY The League Seattle Mariners MLB Navy Blue Adjustable Cap,,,24.99,24.95
valid,true_positive_high_score,45988376#67275979,1,0.9915427834628758,1,TP,BROTHER MFC-L2710DW COMPACT LASER ALL-IN-ONE WITH DUPLEX PRINTING WITH WIRELESS NETWORKING - COPIER/FAX/PRINTER/SCANNER - 32 PPM MONO PRINT - 2400 X 600 DPI PRINT - AUTOMATIC DUPLEX PRINT - 1200 DPI OPTICAL SCAN - 250 SHEETS INPUT - ETHERNET - WIRELE,Brother MFC-L2710DW - multifunction printer - B/W,,,$249.99,199.99
train,true_positive_high_score,43289949#78234939,1,0.9914476209288344,1,TP,MikroTik RouterBOARD Cloud Core Router CCR1036-12G-4S-EM,Mikrotik Cloud Core Router CCR1036-12G-4S-EM Extended Memory,MikroTik,,1140.72,4417.212901
train,true_positive_high_score,67646392#31276154,1,0.9914331680056804,1,TP,CS-R9100 CASSETTE 11-25 DURA-ACE 11-SPEED,Shimano Shimano Cs-R9100 Cassette 11-25 Dura-Ace 11-Speed,,Shimano,559.0,339.99
valid,true_positive_high_score,10214898#18529215,1,0.9914170416860304,1,TP,Swiss Military Hanowa Flagship 06-5161.2.04.007,Swiss Military Hanowa FLAGSHIP 06-5161.2.04.007 Men's Watch,,,1895.00,181.00
train,true_positive_high_score,95961137#67669854,1,0.9911785281036416,1,TP,Atomos ATOMCAB010 Coiled Full HDMI to Full HDMI Cable,Atomos Atomos coiled full HDMI to full HDMI cable (30-45cm),,Atomos,22.96,22.95
test,true_positive_high_score,653566#29009865,1,0.991011690976089,1,TP,Tissot Mens T-Race Cycling Light Blue Watch T111.417.37.441.05,Tissot T111.417.37.441.05 T-Race Cycling Chronograph Black PVD 44mm,Tissot,,377.65,11820000
valid,true_positive_high_score,49816210#73760575,1,0.990852662964298,1,TP,Gorro New Era Oakland Raiders HM Knitted Cap,Bonnet New Era Oakland Raiders HM Knitted Cap,,,3.19E1,3.19E1
valid,true_positive_high_score,30007794#77755482,1,0.9906930184904058,1,TP,Canon Ink Jet Cartridge PGI-72 PBK/GY/PM/PC/CO Multipack 40433,Canon PGI-72 PBK/GY/PM/PC/CO 5 Ink Cartridge Multipack,,,55.99,679.99
test,true_positive_high_score,12338419#2088770,1,0.9888861382272752,1,TP,"WS-C3650-8X24UQ-LCisco Catalyst 3650 24 Port mGig, 4x10G Uplink, LAN Base","Cisco Catalyst 3650 24 Port mGig, 4x10G Uplink, LAN Base",,,3.58,
train,true_positive_high_score,2965203#64197093,1,0.9886563214804192,1,TP,APC Smart-UPS RT 192V RM Battery Pack,"APC Smart-UPS RT RM battery pack, Extended-Run, 192V bus voltage, Rack 6U, compatible with Smart-UPS RT RM 15 -20kVA, Black (SURT192RMXLBP2)",,,23449.00,278450
valid,true_positive_high_score,91573353#51362158,1,0.986803655732518,1,TP,Jacket New Era nfl new england patriots bomber,Bunda New Era nfl new england patriots bomber,,,1.199E2,1.199E2
valid,true_positive_high_score,27584246#56852351,1,0.986784447146282,1,TP,Kyocera toner TK-3100 (1T02MS0NL0),Kyocera TK-3100 Black Toner Cartridge,Kyocera,,104.90,96.73
valid,true_positive_high_score,67761649#25036871,1,0.9865786140053794,1,TP,Seiko Presage Automatic Zen Garden SRPD41 SRPD41J1 SRPD41J Japan Made Mens Watch,Seiko Presage Automatic Zen Garden SRPD41 SRPD41J1 SRPD41J Japan Made Men's Watch,,,450,624.00
train,true_positive_high_score,18649931#69398766,1,0.9864702640923644,1,TP,Kappe New Era Clean Trucker Chicago Bulls Cap,Cap New Era Clean Trucker Chicago Bulls Cap,,,2.59E1,2.59E1
train,true_positive_high_score,26727944#20702772,1,0.986436317896782,1,TP,"SRAM SRAM NX Eagle 12-Speed Trigger Shifter with Discrete Clamp, Black","SRAM NX Eagle 12-Speed Trigger Shifter with Discrete Clamp, Black",SRAM,,42.00,42.00
train,true_positive_high_score,60706564#22000442,1,0.9857409754211868,1,TP,Benq Monitor 27 SW271 LED 5ms/QHD/IPS/HDMI/DP/USB,Monitor 27 SW271 LED 5ms/QHD/IPS/HDMI/DP/USB,,,5558.47,5697.05
train,true_positive_high_score,78135307#56475885,1,0.9856517401838611,1,TP,Cap New Era NFL New Orleans Saints 9Fifty Cap,Kappe New Era NFL New Orleans Saints 9Fifty Cap,,,3.99E1,3.99E1
valid,true_positive_high_score,81962548#4542785,1,0.9856151355413864,1,TP,Atomos ATOM-CAB010 Full To Full Hdmi Coiled Cable,Atomos Cable - Full HDMI 30cm,,,32.99,29.00
test,true_positive_high_score,36026562#43758464,1,0.9855965036842907,1,TP,Cable Belkin DuraTek Lightning a USB - Oro,Belkin MIXIT DuraTek Lightning to USB Cable - Lightning-kabel - Lightning USB 2.0 - 1.22 m,Belkin,,89000,
valid,true_positive_high_score,89817886#57141050,1,0.9854721432478976,1,TP,Tissot Expert Solar Watch T0914204605101,Tissot T-Touch Expert Solar Men's Watch - T0914204605101,,Tissot,1150,960.00
train,true_positive_high_score,27484833#32412614,1,0.9851033295099944,1,TP,SWITCH CISCO WS-C3560CX-12PC-S,WS-C3560CX-12PC-S Cisco Catalyst 3560CX Network Switch (New),,,4112.12,861.00
valid,true_positive_high_score,84550965#91705133,1,0.9850603408780356,1,TP,Evolis Zenius & Primacy Black Printer Ribbon RCT023NAA,Evolis Primacy Zenius Ribbon Black RCT023NAA,,,19.95,18.45
test,true_positive_high_score,56698149#50987480,1,0.9844648548973188,1,TP,Epson Ultra Glossy Photo Paper,Epson A4 300gsm Ultra Glossy Photo Paper - 15 sheets,Epson,,2150,19.49
train,true_positive_high_score,8921864#6635856,1,0.9841598325628858,1,TP,ASUS ROG STRIX B550-F GAMING,ASUS ROG Strix B550-F Gaming AMD AM4 (3rd Gen Ryzen™) ATX gaming motherboard (PCIe 4.0 2.5Gb LAN BIOS FlashBack HDMI 2.1 Addressable Gen 2 RGB header and AURA Sync) - ASUS Official Store | Free Shipping and Financing Available,,ASUS,959,189.99
train,true_positive_high_score,2965203#47967449,1,0.9835991532931264,1,TP,APC Smart-UPS RT 192V RM Battery Pack,APC Smart-UPS RT 192V RM Battery Pack Battery enclosure,,,23449.00,4229.00
valid,true_positive_high_score,28877164#416796,1,0.9833233597410516,1,TP,Cappello New Era NFL New Orleans Saints 9Fifty Cap,Gorra New Era NFL New Orleans Saints 9Fifty Cap,,,3.99E1,3.99E1
train,true_positive_high_score,29012618#20702772,1,0.9831405826658984,1,TP,SRAM NX Eagle 12-Speed Trigger Shifter with Discrete Clamp,"SRAM NX Eagle 12-Speed Trigger Shifter with Discrete Clamp, Black",QBP,,42.0,42.00
train,true_positive_high_score,34370737#94617064,1,0.982860375566916,1,TP,Catalyst 2960 48 10/100 Ports + 2 1000BT LAN Base Image,Cisco Catalyst WS-C2960-48TT-L 2960 48 10/100 + 2 1000BT LAN Base Image,CISCO,,€ 5313.02,890.00
valid,true_positive_high_score,8482438#5062948,1,0.9826678820254612,1,TP,"Life Extension Super Ubiquinol COQ10 with Enhanced Mitochondrial Support 100 mg, 60 Count","Life Extension, Super Ubiquinol CoQ10 with Enhanced Mitochondrial Support, 100 mg, 60 Softgels",,,46.50,2297.17
valid,true_positive_high_score,53299737#65414283,1,0.982199037119051,1,TP,"Johnnie Walker Blue Label Premium Scotch Whisky 40% vol. 0,7l",Johnnie Walker Blue Label Whisky 700ml,,,155.82,249.99
train,true_positive_high_score,37848549#35590985,1,0.9817647448743724,1,TP,Ernie Ball Hybrid Slinky 9-46 Electric Guitar Strings,Ernie Ball 2222 Hybrid Slinky Electric Guitar Strings 9-46,,Ernie Ball,7.99,11.49
train,true_positive_high_score,22486315#47977823,1,0.9816799809145368,1,TP,Canon PGI-72 PBK/GY/PM/PC/CO Multipack - ink tank - 5 Inks,CANON PGI-72 PBK/GY/PM/PC/CO Multi Pack,,,51.37,
valid,true_positive_high_score,20525609#41980780,1,0.9813107785866492,1,TP,Ernie Ball 2222 Hybrid Slinky Nickel Wound Electric Guitar 6 String 9-46,Ernie Ball 2222 Electric Guitar Strings - Hybrid Slinky Nickel Wound - 9-46,,,5.49E0,5.99
valid,true_positive_high_score,30102088#75962303,1,0.9810011630022524,1,TP,Zebra 800015-101 Black Monochrome Ribbon - 1000 Prints,"Zebra C Series Black Monochrome Ribbon For P3xx, P4xx, P5xx printers - 1000 prints (800015-101)",,,9.54,20.00
valid,true_positive_high_score,6489894#12520296,1,0.9808957760402244,1,TP,APPLE - WATCH MAGNETIC CHARGING CABLE 1 M ACCS,Apple Watch Magnetic Charging Cable (1 m),,,673.00,
train,true_positive_high_score,11858288#206952,1,0.9807338653623034,1,TP,Casquette New Era NY Yankees MLB 9Fifty Cap,Cap New Era NY Yankees MLB 9Fifty Cap,,,3.19E1,3.19E1
test,true_positive_high_score,25351062#45858702,1,0.9806853287944636,1,TP,iPhone 4S Screen - New / Fix Kit / Black / Yeni / New / Fix Kit / White / Yeni / New / Part Only / Black / Yeni / New / Part Only / White / Yeni,iPhone 4S Screen - New / Fix Kit / Black / новое / New / Fix Kit / White / новое / New / Part Only / Black / новое / New / Part Only / White / новое,,,39.99,39.99
train,true_positive_high_score,34471783#37251882,1,0.9805491740283954,1,TP,Canon Pro Platinum Photo Paper 20Sh,"Canon PT-101 4""X6"" Photo Paper Pro Platinum (20 sheets)",,Canon,11.99,14.90
valid,true_positive_high_score,66718913#63697794,1,0.9804572131424591,1,TP,Samsung Portable SSD T7 2TB,Samsung Dysk SSD Portable T7 2TB USB 3.2 GEN.2 BLUE,,,739.92,1652.99
train,true_negative_low_score,74938837#40769172,0,0.0058436481894712,0,TN,Super Ubiquinol CoQ10 with Enhanced Mitochondrial Support™,GPSMAP® 66s Multisatellite handheld with sensors,,,13.50,399.99
valid,true_negative_low_score,89399226#52332060,0,0.0063474786064829,0,TN,Super Ubiquinol CoQ10 with Enhanced Mitochondrial Support 50 mg,Daniel Wellington Classic St. Andrews Watch | Rose Gold 40mm,Life Extension,Daniel Wellington,15.00,229.00
test,true_negative_low_score,19129911#81258259,0,0.0092951952708881,0,TN,HyperX FURY Memory Black 16GB - PC4-21328 - DIMM,Swiss Military Hanowa06-5227.04.007 Airborne Uhr,Kingston,Swiss Military Hanowa,78.00,244.95
train,true_negative_low_score,99055#6800809,0,0.0098687504283952,0,TN,Sony Sony SEL 35mm f/2.8 FE Full Frame,Swiss Military Hanowa06-4226.30.003.03 Immersion Uhr,Sony,Swiss Military Hanowa,749.00,244.95
train,true_negative_low_score,5015131#82269040,0,0.0099071341819056,0,TN,DJI Mavic Mini - Fly More Bundle - NEW,ASUS M/B ROG STRIX X570-F GAMING,DJI,,599.95,1.22E3
train,true_negative_low_score,62287971#66264990,0,0.0101465646240807,0,TN,"Western Digital (WDC) 250GB 2.5\"" SATA SSD Blue 7mm Cased",Swiss Military Hanowa06-5161.2.04.007 Flagship Uhr,Western Digital (WDC),Swiss Military Hanowa,95.59,249.00
train,true_negative_low_score,84877982#66806426,0,0.010730861824802,0,TN,Shimano Dura-Ace Cassette CS-R9100 11-28t,RAM Long Clamp RAM Standard Balls(RAM-201U-D),SHIMANO,RAM,325.00,72.00
train,true_negative_low_score,51894879#24534092,0,0.0111263376124491,0,TN,"D'Addario D'Addario EJ11 80/20 Bronze Acoustic Guitar Strings, Light, 12-53","Maxxis Assegai Tire - 29 x 2.5, Folding, Tubeless, Black, 3C Maxx Grip, DD, Wide Trail",D'Addario,Maxxis,8.99,90.00
test,true_negative_low_score,93283940#16852878,0,0.0117027191677204,0,TN,D7500 18-140mm VR Lens Kit,Brother HL-5140 1-Drum Unit,,,1299.95,229.57
train,true_negative_low_score,35930374#88912520,0,0.0117308304054744,0,TN,Traveler's Company 008. ZIPPERFILE MIDORI TRAVELER'S NOTEBOOK,Power bank de 20000mah polímero de litiotl-pb20000/ tl-pb20000,Traveler's Company,Tplink,7.00,463.22
train,true_negative_low_score,17681625#40616484,0,0.0120158470510636,0,TN,HP printer Color LaserJet Professional CP5225dn (CE712A#B19),Brother printer HL-L5200DW (HLL5200DWG1),HP,Brother,1403.60,252.89
train,true_negative_low_score,48742674#60573676,0,0.0120972746092371,0,TN,Daniel WellingtonDW00100150 Classic Cornwall watch,"Dymo Rhino White Vinyl Tape - 12mm, Black Text (p/n: 18444)",Daniel Wellington,Dymo Rhino,89.76,11.98
test,true_negative_low_score,72312724#94294184,0,0.0123195513493312,0,TN,Raymond Weil Mens Toccata Leather Strap Watch 5485-STC-00300,SRAM PG820 Cassette - 8 speed 11-32T Black,Raymond Weil,SRAM,564.95,14.99
train,true_negative_low_score,19467145#36295476,0,0.0123553692879612,0,TN,"Ram Mounts RAM Long Length Double Socket Arm for B Size 1\"" Balls",Corsair ML140 Magnetic Levitation 140mm Case Fan - Twin Pack,,Corsair,2.049E1,44.99
valid,true_negative_low_score,13329848#9513553,0,0.0124455865203276,0,TN,Daniel Wellington St Mawes Classic DW00100006,Seagate Ironwolf Pro 6TB (ST6000NE000),,,,
train,true_negative_low_score,5717009#54992750,0,0.012753960389745,0,TN,Jabra BIZ2300 2399-823-109 DUO USB Headset MS,FUJIFILM XF23/1.4 XF 23mm f/1.4 R,Jabra,FUJIFILM,160.0,0.0
train,true_negative_low_score,12109505#36070372,0,0.0128953465233157,0,TN,"RAM Mount Torque™ 3/4"" - 1"" Diameter Handlebar/Rail Base with 1"" Ball and X-Grip®",Corsair Vengeance LPX Black 16GB (1x16GB) DDR4 PC4-19200 2400MHz Single Module,RAM Mount,268,74.95,
valid,true_negative_low_score,7068563#33722688,0,0.0128998036681072,0,TN,CANON PFI-107 ink cartridge cyan,RAM B-224-1 Suction Base and Ball,CANON,Ram Mounts,418.40,19.20
train,true_negative_low_score,58599683#40158082,0,0.0129826299266253,0,TN,Swiss Military Hanowa Immersion 06-4226.30.003.03,ASUS ROG STRIX B550-E GAMING,SWISS MILITARY HANOWA,ASUS,9847.0000,257.99
train,true_negative_low_score,93146764#27212721,0,0.013030517560605,0,TN,"RAM Mount 1\"" Ball with 2.5\"" Round Base",PH-1.2 P-handle hex wrench set 2-10mm,RAM Mount,Park Tool,20.00,756.59
valid,true_negative_low_score,87426005#3777655,0,0.0132472439338373,0,TN,Fujifilm Instax Square Film ( Black Frame 10's ),Logitech G402 Gaming Mouse USB Siyah 910-004068,FUJIFILM,LOGITECH,55.0,
train,true_negative_low_score,2952392#62296316,0,0.0135865990420148,0,TN,Carbide 175R RGB Windowed Mid-Tower Case Tempered Glass,Gigabyte GeForce RTX 2080 Ti WINDFORCE 11GB GDDR6 GeForce,Corsair,Gigabyte,69.90,
train,true_negative_low_score,66496566#34370737,0,0.0136802826063043,0,TN,"iiyama 23 \"" LED XU2390HS-B1 5 ms, 1920 x 1080 pixels, Black",Catalyst 2960 48 10/100 Ports + 2 1000BT LAN Base Image,iiyama,CISCO,,€ 5313.02
train,true_negative_low_score,8499589#56475885,0,0.0140100152138873,0,TN,Daniel Wellington Sheffield Classic DW00100036,Kappe New Era NFL New Orleans Saints 9Fifty Cap,,,,3.99E1
train,true_negative_low_score,21683323#72600552,0,0.0140573926298864,0,TN,Montre Seiko SRPA21K1 Prospex Padi edition,Casquette New Era NY Yankees 39Thirty Cap,,,449,2.59E1
train,true_negative_low_score,4541509#8500749,0,0.0142166932862007,0,TN,Jabra Evolve 20 UC Stereo Headset,Corsair Crystal 570X RGB ATX Mid-Tower Computer Case - White,Jabra,Corsair,$55.00,194.99
train,true_negative_low_score,19480396#91975856,0,0.0142835615112588,0,TN,Sandisk 64GBExtreme Pro CFast 2.0 Card,BenQ SW2700PT Pro 27in IPS QHD LCD Monitor,,,119.99,609.0
train,true_negative_low_score,18252855#16202611,0,0.0143157244003135,0,TN,SanDisk Extreme PRO USB 3.1 Solid State Flash Drive 128GB,Swiss Military Hanowa06-4307.30.007 Undercover Multifunction Watch,SanDisk,Swiss Military Hanowa,52.39,160.00
test,true_negative_low_score,63634340#21688304,0,0.0144325198034467,0,TN,"Zebra Black Monochrome Ribbon - K - 1,000 prints",Venturesafe G3 25 Rucksack 14″ Ripstop-Nylon schwarz,zebra,Pacsafe,,83.9
train,true_negative_low_score,16111692#62894191,0,0.0146440286445936,0,TN,APC Smart-UPS 1000VA LCD 230V SMT1000I - SMT1000I,Oakley Jawbreaker Black Prizm OO9290 20 131-0,APC by Schneider Electric,Oakley,7150,
valid,true_negative_low_score,35443269#61647965,0,0.0146868808460936,0,TN,iPhone 4 Replacement Battery - Fix Kit / Yeni / Part Only / Yeni,Omega Railmaster Denim Co-Axial Master Chronometer NATO Strap,,Omega,14.99,4900
test,true_negative_low_score,62262769#52499440,0,0.0148131471880452,0,TN,"D'Addario D'Addario EXL120-7 Nickel Wound 7-String Electric Guitar Strings, Super Light, 09-54",Luminor Marina 1950 3 Days Stainless Steel Automatic,D'Addario,Pre-Owned Panerai,7.99,6000.00
test,true_negative_low_score,69644238#63355235,0,0.0149312652922789,0,TN,JABRA EVOLVE 20 MS MONO NC MON,D'Addario: Nickle Bronze (11-52),,,56.080,11.50
test,true_negative_low_score,18682580#66204747,0,0.0150113145603294,0,TN,Grand Prix 4-Season Duraskin 700c Bike Tire,Shimano Alfine CT-S500 Chain Tensioner (Black),,Shimano,7.995E1,23.99
train,true_negative_low_score,95282914#56475885,0,0.015261374839627,0,TN,Jabra Evolve 80 UC stereo SKype for Business,Kappe New Era NFL New Orleans Saints 9Fifty Cap,Jabra,,"€ 230,35",3.99E1
train,true_negative_low_score,21576898#59471113,0,0.0152790090800434,0,TN,Manfrotto Stativ Video Set MVH500A + MVT502AM + Tasche,"Cooler Master MasterFan MF121L RGB Computer behuizing Ventilator 12 cm Zwart, Transparant",Manfrotto,CoolerMaster,456.23,7.36
test,true_negative_low_score,19140046#48327523,0,0.0156829840062571,0,TN,135mm f/2.0L USM Telephoto Lens for Canon SLR Cameras 2520A004,"Continental Continental Grand Prix 5000 Tire - 700 x 25, Clincher, Folding, Black, 330tpi",Canon,Continental,999.00,79.95
train,true_negative_low_score,2122858#54853495,0,0.0158665409900299,0,TN,"Reifen Maxxis 27,5x2.35 Ardent Race",Originlny toner OKI 44992402 (iern),Maxxis,Znaka: Originlne,47.70,79.9
train,true_negative_low_score,40886103#53072167,0,0.0159054001542821,0,TN,Apple Apple MacBook Charger 60W MagSafe 2 Power Adapter - A1435 (MD565LL/A),Crystal Series 460X RGB Compact ATX Mid-Tower Case - CC-9011101-WW,Apple,Corsair,59.99,178.56
train,true_negative_low_score,74525970#34370737,0,0.0160685492413754,0,TN,Cle Usb KINGSTON 16GB DT MicroDuo USB 3.0 micro USB OTG,Catalyst 2960 48 10/100 Ports + 2 1000BT LAN Base Image,KINGSTON,CISCO,7.99,€ 5313.02
train,true_negative_low_score,78756231#21576898,0,0.0162383667095438,0,TN,KINGSTON 8GB 1600MHz DDR3 CL10 DIMM HyperX Fury Series,Manfrotto Stativ Video Set MVH500A + MVT502AM + Tasche,Kingston,Manfrotto,40.78,456.23
valid,true_negative_low_score,84115326#13829035,0,0.0163274757534344,0,TN,Epson GF Stylus Photo 11880 Cartucho Negro claro,Watercooling COOLER MASTER ML120R RGB (addressable),,COOLER MASTER,283.28157,101.99
train,true_negative_low_score,24366661#25663432,0,0.0164213994267193,0,TN,Daniel WellingtonDW00100036 Classic Sheffield watch,Razer Viper Chroma Optical Ambidextrous Gaming Mouse,Daniel Wellington,Razer,94.40,79.99
train,true_negative_low_score,36155438#31147017,0,0.0164218923782112,0,TN,Logitech BRIO 4K Stream Edition Webcam with FREE XSplit Software,Intel Core i3 8300 3.7GHz 8th Gen Coffee Lake Processor/CPU Retail,Logitech,Intel,208.99,191.22
valid,true_negative_low_score,76663119#51766259,0,0.016663327782633,0,TN,BIZ 2300 USB DuoMicrosoft optimized,"HDD: 10 Tb (3.5\"") 7200 Seagate IronWolf SATA III 256Mb (ST10000VN0008)",Jabra,Seagate,,
valid,true_negative_low_score,28830600#41132816,0,0.0166701221050004,0,TN,Swiss Military Hanowa Undercover Multifunction Horloge,"Maxxis Maxxis Highroller 2 Tire, 27.5 x 2.5\"" 3C EXO TR",,Maxxis,,75.00
test,true_negative_low_score,75400332#80750554,0,0.016679392453539,0,TN,Carl Zeiss Zeiss Batis 135mm f/2.8 Lens for Sony E Mount,Smok V12 Prince Dual Mesh 3pk,Carl Zeiss,Smok,1699.99,17.99
valid,true_negative_low_score,70833173#30738101,0,0.0167736872119472,0,TN,"HDD: 4 Tb (3.5\"") 7200 Seagate IronWolf Pro SATA III 128Mb (ST4000NE001)",Ubiquiti EdgeSwitch ES-16-150W 16xGB 2xSFP – Switch,Seagate,UBIQUITI,,323.00
test,true_negative_low_score,35879679#28797890,0,0.0168632966611043,0,TN,Aspire Aspire Nautilus BVC Coils,Shimano BR-M8120 XT 4-Piston Disc Brakes - Rear Brake (1700mm),Aspire,Shimano,14.95,209.99
valid,true_negative_low_score,22020294#51909448,0,0.0168860522965584,0,TN,Oakley Sunglasses Jawbreaker OO9290-20 Matt Black Prizm Road,Shimano Shimano PD-R7000 105 SPD-SL PEDAL W/O REFLECTOR W/CLEAT,,Shimano,1.3999E2,149.99
