split,analysis_group,pair_id,label,neural_score,symbolic_status,violated_constraints,positive_evidence,uncertain_reasons,final_decision,governed_pred,decision_reason,left_title,right_title,left_brand,right_brand,left_price,right_price
valid,neural_fp_blocked_by_symbolic_invalid,96929485#53472089,0,1.0,invalid,['brand_conflict'],[],"['model_tokens_no_overlap', 'multiple_quantities_ambiguous', 'bundle_or_kit_mismatch', 'currency_missing_or_mismatch']",reject,0,symbolic_invalid_blocks,BỘ LƯU ĐIỆN UPS APC SURT20KRMXLI 20KVA,Mikrotik Cloud Core Router 1036-12G-4S-EM,APC,Mikrotik,205000000,80800
test,neural_fp_blocked_by_symbolic_invalid,6175893#51848095,0,0.996576513311884,invalid,['model_token_conflict'],[],"['brand_missing', 'currency_missing_or_mismatch']",reject,0,symbolic_invalid_blocks,Đồng hồ Tissot T006.207.11.038.00,Tissot T109.410.11.033.00,,,18140000,20390
test,neural_fp_blocked_by_symbolic_invalid,6175893#26986067,0,0.9944621164339682,invalid,['model_token_conflict'],[],"['brand_missing', 'currency_missing_or_mismatch']",reject,0,symbolic_invalid_blocks,Đồng hồ Tissot T006.207.11.038.00,Tissot Mens T-Sport V8 Swissmatic White Dial Bracelet Watch T106.407.11.031.01,,Tissot,18140000,351.00
test,neural_fp_blocked_by_symbolic_invalid,66481726#35452020,0,0.992156025399696,invalid,['variant_modifier_conflict'],['color_match'],"['brand_missing', 'currency_missing_or_mismatch', 'category_keyword_mismatch']",reject,0,symbolic_invalid_blocks,iPhone SE Screen - Fix Kit / Black / New / Fix Kit / White / New / Part Only / Black / New / Part Only / White / New,iPhone 7 Plus Lightning Connector Assembly - Gray / New / Fix Kit / White / New / Fix Kit / Black / New / Fix Kit / Gray / New / Part Only / White / New / Part Only / Black / New / Part Only,,,44.99,44.99
test,neural_fp_blocked_by_symbolic_invalid,6175893#55154351,0,0.9900528632829604,invalid,['model_token_conflict'],[],"['brand_missing', 'currency_missing_or_mismatch']",reject,0,symbolic_invalid_blocks,Đồng hồ Tissot T006.207.11.038.00,TISSOT EVERYTIME MEDIUM T109.410.11.033.00 (T109.410.11.033.00),,,18140000,260.00
test,neural_fp_blocked_by_symbolic_invalid,6175893#64388647,0,0.9892335209744726,invalid,['model_token_conflict'],[],"['brand_missing', 'currency_missing_or_mismatch']",reject,0,symbolic_invalid_blocks,Đồng hồ Tissot T006.207.11.038.00,TISSOT T095.417.11.067.00 QUICKSTER,,,18140000,10530.00
test,neural_fp_blocked_by_symbolic_invalid,45858702#66481726,0,0.9865264145967124,invalid,['quantity_conflict'],['color_match'],"['brand_missing', 'currency_missing_or_mismatch', 'category_keyword_mismatch']",reject,0,symbolic_invalid_blocks,iPhone 4S Screen - New / Fix Kit / Black / новое / New / Fix Kit / White / новое / New / Part Only / Black / новое / New / Part Only / White / новое,iPhone SE Screen - Fix Kit / Black / New / Fix Kit / White / New / Part Only / Black / New / Part Only / White / New,,,39.99,44.99
test,neural_fp_blocked_by_symbolic_invalid,6189668#76350435,0,0.9859838417494527,invalid,['quantity_conflict'],[],"['brand_missing', 'currency_missing_or_mismatch', 'category_keyword_mismatch']",reject,0,symbolic_invalid_blocks,iPhone XR Screen - Fix Kit / New / Part Only / New,iPhone 6s Screen - New / Fix Kit / Black / Yeni / New / Fix Kit / White / Yeni / New / Part Only / Black / Yeni / New / Part Only / White / Yeni,,,109.99,59.99
test,neural_fp_blocked_by_symbolic_invalid,35452020#75325202,0,0.984643273521233,invalid,['variant_modifier_conflict'],['color_match'],"['brand_missing', 'currency_missing_or_mismatch', 'category_keyword_mismatch']",reject,0,symbolic_invalid_blocks,iPhone 7 Plus Lightning Connector Assembly - Gray / New / Fix Kit / White / New / Fix Kit / Black / New / Fix Kit / Gray / New / Part Only / White / New / Part Only / Black / New / Part Only,iPhone SE Screen - Fix Kit / Black / 全新 / Fix Kit / White / 全新 / Part Only / Black / 全新 / Part Only / White / 全新,,,44.99,44.99
test,neural_fp_blocked_by_symbolic_invalid,6189668#45858702,0,0.9844342807519773,invalid,['quantity_conflict'],[],"['brand_missing', 'currency_missing_or_mismatch', 'category_keyword_mismatch']",reject,0,symbolic_invalid_blocks,iPhone XR Screen - Fix Kit / New / Part Only / New,iPhone 4S Screen - New / Fix Kit / Black / новое / New / Fix Kit / White / новое / New / Part Only / Black / новое / New / Part Only / White / новое,,,109.99,39.99
test,neural_fp_blocked_by_symbolic_invalid,74588061#6175893,0,0.9836606646198562,invalid,['model_token_conflict'],[],"['brand_missing', 'currency_missing_or_mismatch']",reject,0,symbolic_invalid_blocks,Tissot T048.417.27.057.00,Đồng hồ Tissot T006.207.11.038.00,,,15910.00,18140000
test,neural_fp_blocked_by_symbolic_invalid,66481726#76350435,0,0.983635110892906,invalid,['quantity_conflict'],['color_match'],"['brand_missing', 'currency_missing_or_mismatch', 'category_keyword_mismatch']",reject,0,symbolic_invalid_blocks,iPhone SE Screen - Fix Kit / Black / New / Fix Kit / White / New / Part Only / Black / New / Part Only / White / New,iPhone 6s Screen - New / Fix Kit / Black / Yeni / New / Fix Kit / White / Yeni / New / Part Only / Black / Yeni / New / Part Only / White / Yeni,,,44.99,59.99
test,neural_fp_blocked_by_symbolic_invalid,68464601#1547160,0,0.9832624512920772,invalid,['model_token_conflict'],[],"['brand_missing', 'currency_missing_or_mismatch']",reject,0,symbolic_invalid_blocks,Garmin STRIKER Plus 7sv with Transducer,Garmin Striker Plus 5cv Fishfinder with GT-20TM Transducer,,,499.99,399
test,neural_fp_blocked_by_symbolic_invalid,25351062#66481726,0,0.982260337238618,invalid,['quantity_conflict'],['color_match'],"['brand_missing', 'currency_missing_or_mismatch', 'category_keyword_mismatch']",reject,0,symbolic_invalid_blocks,iPhone 4S Screen - New / Fix Kit / Black / Yeni / New / Fix Kit / White / Yeni / New / Part Only / Black / Yeni / New / Part Only / White / Yeni,iPhone SE Screen - Fix Kit / Black / New / Fix Kit / White / New / Part Only / Black / New / Part Only / White / New,,,39.99,44.99
test,neural_fp_blocked_by_symbolic_invalid,6189668#25351062,0,0.9801530338639132,invalid,['quantity_conflict'],[],"['brand_missing', 'currency_missing_or_mismatch', 'category_keyword_mismatch']",reject,0,symbolic_invalid_blocks,iPhone XR Screen - Fix Kit / New / Part Only / New,iPhone 4S Screen - New / Fix Kit / Black / Yeni / New / Fix Kit / White / Yeni / New / Part Only / Black / Yeni / New / Part Only / White / Yeni,,,109.99,39.99
test,neural_fp_blocked_by_symbolic_invalid,56698149#18510686,0,0.9792200756464786,invalid,['variant_modifier_conflict'],[],"['brand_missing', 'currency_missing_or_mismatch']",reject,0,symbolic_invalid_blocks,Epson Ultra Glossy Photo Paper,Epson A4 Glossy Photo Paper 20 Sheets,Epson,,2150,9.96
test,neural_fp_blocked_by_symbolic_invalid,28797890#28797891,0,0.9791306324748912,invalid,['quantity_conflict'],"['brand_match', 'model_token_overlap']",['currency_missing_or_mismatch'],reject,0,symbolic_invalid_blocks,Shimano BR-M8120 XT 4-Piston Disc Brakes - Rear Brake (1700mm),Shimano BR-M8120 XT 4-Piston Disc Brakes - Front Brake (1000mm),Shimano,Shimano,209.99,209.99
test,neural_fp_blocked_by_symbolic_invalid,88943801#66481726,0,0.978867827191914,invalid,['quantity_conflict'],['color_match'],"['brand_missing', 'currency_missing_or_mismatch', 'category_keyword_mismatch']",reject,0,symbolic_invalid_blocks,iPhone 6s Screen - New / Fix Kit / Black / Neu / New / Fix Kit / White / Neu / New / Part Only / Black / Neu / New / Part Only / White / Neu,iPhone SE Screen - Fix Kit / Black / New / Fix Kit / White / New / Part Only / Black / New / Part Only / White / New,,,59.99,44.99
test,neural_fp_blocked_by_symbolic_invalid,85035598#37728852,0,0.9788487709476243,invalid,['model_token_conflict'],[],"['brand_missing', 'multiple_quantities_ambiguous', 'bundle_or_kit_mismatch', 'currency_missing_or_mismatch']",reject,0,symbolic_invalid_blocks,Fisher & Paykel WH8060J3 8kg Front Load Washing Machine,Fisher & Paykel 10kg Front Load Washing Machine,Fisher & Paykel,,799,1298
test,neural_fp_blocked_by_symbolic_invalid,88943801#6189668,0,0.9788188110952428,invalid,['quantity_conflict'],[],"['brand_missing', 'currency_missing_or_mismatch', 'category_keyword_mismatch']",reject,0,symbolic_invalid_blocks,iPhone 6s Screen - New / Fix Kit / Black / Neu / New / Fix Kit / White / Neu / New / Part Only / Black / Neu / New / Part Only / White / Neu,iPhone XR Screen - Fix Kit / New / Part Only / New,,,59.99,109.99
valid,neural_fp_blocked_by_symbolic_invalid,17212553#62172007,0,0.9787983226264116,invalid,['model_token_conflict'],['brand_match'],['currency_missing_or_mismatch'],reject,0,symbolic_invalid_blocks,Corsair ML Series ML120 PRO LED Premium Magnetic Levitation,Corsair ML Series ML140 PRO LED Premium Magnetic Levitation,Corsair,Corsair,265,284
test,neural_fp_blocked_by_symbolic_invalid,88943801#35452020,0,0.978427161753343,invalid,['variant_modifier_conflict'],['color_match'],"['brand_missing', 'currency_missing_or_mismatch', 'category_keyword_mismatch']",reject,0,symbolic_invalid_blocks,iPhone 6s Screen - New / Fix Kit / Black / Neu / New / Fix Kit / White / Neu / New / Part Only / Black / Neu / New / Part Only / White / Neu,iPhone 7 Plus Lightning Connector Assembly - Gray / New / Fix Kit / White / New / Fix Kit / Black / New / Fix Kit / Gray / New / Part Only / White / New / Part Only / Black / New / Part Only,,,59.99,44.99
test,neural_fp_blocked_by_symbolic_invalid,56698149#65979382,0,0.9779066213078014,invalid,['variant_modifier_conflict'],[],"['brand_missing', 'bundle_or_kit_mismatch', 'currency_missing_or_mismatch']",reject,0,symbolic_invalid_blocks,Epson Ultra Glossy Photo Paper,Epson Premium Glossy Photo A4 Paper (Pack of 50) C13S041624,Epson,,2150,36.11
test,neural_fp_blocked_by_symbolic_invalid,25351062#35452020,0,0.9775258592308296,invalid,['variant_modifier_conflict'],['color_match'],"['brand_missing', 'currency_missing_or_mismatch', 'category_keyword_mismatch']",reject,0,symbolic_invalid_blocks,iPhone 4S Screen - New / Fix Kit / Black / Yeni / New / Fix Kit / White / Yeni / New / Part Only / Black / Yeni / New / Part Only / White / Yeni,iPhone 7 Plus Lightning Connector Assembly - Gray / New / Fix Kit / White / New / Fix Kit / Black / New / Fix Kit / Gray / New / Part Only / White / New / Part Only / Black / New / Part Only,,,39.99,44.99
test,neural_fp_blocked_by_symbolic_invalid,35452020#45858702,0,0.9767914712158436,invalid,['variant_modifier_conflict'],['color_match'],"['brand_missing', 'currency_missing_or_mismatch', 'category_keyword_mismatch']",reject,0,symbolic_invalid_blocks,iPhone 7 Plus Lightning Connector Assembly - Gray / New / Fix Kit / White / New / Fix Kit / Black / New / Fix Kit / Gray / New / Part Only / White / New / Part Only / Black / New / Part Only,iPhone 4S Screen - New / Fix Kit / Black / новое / New / Fix Kit / White / новое / New / Part Only / Black / новое / New / Part Only / White / новое,,,44.99,39.99
test,neural_fp_blocked_by_symbolic_invalid,75325202#25351062,0,0.9760138941464076,invalid,['quantity_conflict'],['color_match'],"['brand_missing', 'currency_missing_or_mismatch', 'category_keyword_mismatch']",reject,0,symbolic_invalid_blocks,iPhone SE Screen - Fix Kit / Black / 全新 / Fix Kit / White / 全新 / Part Only / Black / 全新 / Part Only / White / 全新,iPhone 4S Screen - New / Fix Kit / Black / Yeni / New / Fix Kit / White / Yeni / New / Part Only / Black / Yeni / New / Part Only / White / Yeni,,,44.99,39.99
test,neural_fp_blocked_by_symbolic_invalid,35452020#76350435,0,0.9755459278505572,invalid,['variant_modifier_conflict'],['color_match'],"['brand_missing', 'currency_missing_or_mismatch', 'category_keyword_mismatch']",reject,0,symbolic_invalid_blocks,iPhone 7 Plus Lightning Connector Assembly - Gray / New / Fix Kit / White / New / Fix Kit / Black / New / Fix Kit / Gray / New / Part Only / White / New / Part Only / Black / New / Part Only,iPhone 6s Screen - New / Fix Kit / Black / Yeni / New / Fix Kit / White / Yeni / New / Part Only / Black / Yeni / New / Part Only / White / Yeni,,,44.99,59.99
test,neural_fp_blocked_by_symbolic_invalid,76350435#25351062,0,0.9750915514543874,invalid,['quantity_conflict'],['color_match'],"['brand_missing', 'currency_missing_or_mismatch', 'category_keyword_mismatch']",reject,0,symbolic_invalid_blocks,iPhone 6s Screen - New / Fix Kit / Black / Yeni / New / Fix Kit / White / Yeni / New / Part Only / Black / Yeni / New / Part Only / White / Yeni,iPhone 4S Screen - New / Fix Kit / Black / Yeni / New / Fix Kit / White / Yeni / New / Part Only / Black / Yeni / New / Part Only / White / Yeni,,,59.99,39.99
test,neural_fp_blocked_by_symbolic_invalid,19121174#27299211,0,0.974171815028882,invalid,['model_token_conflict'],['category_keyword_overlap'],"['brand_missing', 'currency_missing_or_mismatch']",reject,0,symbolic_invalid_blocks,Genuine Brother LC223VALBP Ink Cartridge Multipack,Genuine High Capacity 3 Colour Brother LC1280XL Ink Cartridge Multipack (LC-1280XLC/M/Y),,Brother,66.01,61.48
test,neural_fp_blocked_by_symbolic_invalid,1547160#68819356,0,0.9733828015268864,invalid,['model_token_conflict'],[],"['brand_missing', 'currency_missing_or_mismatch']",reject,0,symbolic_invalid_blocks,Garmin Striker Plus 5cv Fishfinder with GT-20TM Transducer,"Garmin 010-01872-00 Striker Plus 5Cv with Cv20-TM transducer, 5 inches",,Garmin,399,299.99
valid,governed_false_positive,96929485#90174187,0,1.0,valid,[],['category_keyword_overlap'],"['brand_missing', 'model_tokens_no_overlap', 'bundle_or_kit_mismatch', 'currency_missing_or_mismatch']",accept,1,score_above_threshold_not_invalid,BỘ LƯU ĐIỆN UPS APC SURT20KRMXLI 20KVA,APC Smart-UPS SRT 10000VA 230V,APC,,205000000,10630.6
valid,governed_false_positive,29521578#96929485,0,1.0,valid,[],"['model_token_overlap', 'category_keyword_overlap']","['brand_missing', 'currency_missing_or_mismatch']",accept,1,score_above_threshold_not_invalid,"APC SMART-UPS EXTERNAL BATTERY (RT SERIES), 192V (FOR SURT15KRMXLI & SURT20KRMXLI)",BỘ LƯU ĐIỆN UPS APC SURT20KRMXLI 20KVA,,APC,4206.7,205000000
valid,governed_false_positive,78253269#96929485,0,1.0,uncertain,[],[],"['brand_missing', 'model_tokens_no_overlap', 'multiple_quantities_ambiguous', 'bundle_or_kit_mismatch', 'currency_missing_or_mismatch']",accept,1,score_above_threshold_not_invalid,Ladies Daniel Wellington Sheffield Rose 36mm Watch DW00100036,BỘ LƯU ĐIỆN UPS APC SURT20KRMXLI 20KVA,,APC,149.00,205000000
test,governed_false_positive,56698149#45220776,0,0.9924204348548196,uncertain,[],[],"['brand_missing', 'price_missing']",accept,1,score_above_threshold_not_invalid,Epson Ultra Glossy Photo Paper,"EPSON S041944 ultra glossy photo paper 300g/m², 13x18cm/50vel",Epson,,2150,
test,governed_false_positive,56159566#29009865,0,0.9889600346120624,valid,[],"['model_token_overlap', 'category_keyword_overlap']","['brand_missing', 'bundle_or_kit_mismatch', 'currency_missing_or_mismatch', 'color_conflict']",accept,1,score_above_threshold_not_invalid,Tissot Mens T-Race Cycling Dark Blue Watch T111.417.37.441.06,Tissot T111.417.37.441.05 T-Race Cycling Chronograph Black PVD 44mm,Tissot,,385.95,11820000
test,governed_false_positive,24931990#29009865,0,0.9880911398768218,valid,[],"['color_match', 'category_keyword_overlap']","['brand_missing', 'currency_missing_or_mismatch']",accept,1,score_above_threshold_not_invalid,Tissot T-Race Chronograph Cycling Chronograph,Tissot T111.417.37.441.05 T-Race Cycling Chronograph Black PVD 44mm,,,6.75E2,11820000
test,governed_false_positive,4395083#68021989,0,0.9874603493453024,uncertain,[],[],"['brand_missing', 'currency_missing_or_mismatch']",accept,1,score_above_threshold_not_invalid,DJI Mavic 2 Enterprise Dual,DJI Mavic 2 Enterprise (Zoom) w/ Smart Controller and DJI Enterprise Shield Basic,,,999999,2.995E3
test,governed_false_positive,29009865#7185118,0,0.9867871546181628,valid,[],['model_token_overlap'],"['brand_missing', 'bundle_or_kit_mismatch', 'currency_missing_or_mismatch']",accept,1,score_above_threshold_not_invalid,Tissot T111.417.37.441.05 T-Race Cycling Chronograph Black PVD 44mm,Tissot T-Race Cycling T111.417.27.441.00,,,11820000,433.78
test,governed_false_positive,77900148#32297124,0,0.985988145392228,uncertain,[],[],"['brand_missing', 'currency_missing_or_mismatch']",accept,1,score_above_threshold_not_invalid,Dutch Doobadoo - Dutch Card Art - Apple,Dutch Doobadoo - Dutch Card Art - Sneeuwbol,,,4.75,4.75
test,governed_false_positive,30058882#4395083,0,0.9853527143881532,uncertain,[],[],"['brand_missing', 'bundle_or_kit_mismatch', 'currency_missing_or_mismatch']",accept,1,score_above_threshold_not_invalid,DJI Mavic 2 Enterprise Dual with Shield Protection or Smart Controller,DJI Mavic 2 Enterprise Dual,DJI,,3350.00,999999
train,governed_false_positive,14128915#67646392,0,0.985225816071231,valid,[],['model_token_overlap'],"['brand_missing', 'currency_missing_or_mismatch']",accept,1,score_above_threshold_not_invalid,Shimano Dura-Ace CS-R9100 Cassette 11-speed,CS-R9100 CASSETTE 11-25 DURA-ACE 11-SPEED,,,22265,559.0
train,governed_false_positive,31276154#14128915,0,0.9852203686151996,valid,[],['model_token_overlap'],"['brand_missing', 'currency_missing_or_mismatch']",accept,1,score_above_threshold_not_invalid,Shimano Shimano Cs-R9100 Cassette 11-25 Dura-Ace 11-Speed,Shimano Dura-Ace CS-R9100 Cassette 11-speed,Shimano,,339.99,22265
test,governed_false_positive,90494765#29009865,0,0.9832386010143552,valid,[],"['model_token_overlap', 'color_match', 'category_keyword_overlap']","['brand_missing', 'currency_missing_or_mismatch']",accept,1,score_above_threshold_not_invalid,Tissot T111.417.37.441.04 T-Race Cycling (Choose free two-day shipping at checkout),Tissot T111.417.37.441.05 T-Race Cycling Chronograph Black PVD 44mm,,,4.95E2,11820000
valid,governed_false_positive,83455425#35724064,0,0.9823898160223036,valid,[],"['model_token_overlap', 'category_keyword_overlap']","['brand_missing', 'multiple_quantities_ambiguous', 'bundle_or_kit_mismatch', 'currency_missing_or_mismatch']",accept,1,score_above_threshold_not_invalid,Ubiquiti UVC-G3-FLEX UniFi Video Flex Manually Adjustable 1080p PoE Indoor/Outdoor IP Camera (3 Pack),Ubiquiti UVC-G3-FLEX UniFI IP Dome Camera,UBIQUITI,,195.91,$‎147.95
test,governed_false_positive,37696616#18510686,0,0.9821737200727998,uncertain,[],[],"['brand_missing', 'bundle_or_kit_mismatch', 'currency_missing_or_mismatch']",accept,1,score_above_threshold_not_invalid,Epson Premium Glossy Photo Paper - A4 - 20 Sheets,Epson A4 Glossy Photo Paper 20 Sheets,,,19.80,9.96
valid,governed_false_positive,61976083#45988376,0,0.9818504001530656,valid,[],['category_keyword_overlap'],"['brand_missing', 'model_tokens_no_overlap', 'bundle_or_kit_mismatch', 'currency_missing_or_mismatch']",accept,1,score_above_threshold_not_invalid,Brother HL-L6200DW Wireless High Speed Mono Laser Printer - Duplex Printer,BROTHER MFC-L2710DW COMPACT LASER ALL-IN-ONE WITH DUPLEX PRINTING WITH WIRELESS NETWORKING - COPIER/FAX/PRINTER/SCANNER - 32 PPM MONO PRINT - 2400 X 600 DPI PRINT - AUTOMATIC DUPLEX PRINT - 1200 DPI OPTICAL SCAN - 250 SHEETS INPUT - ETHERNET - WIRELE,,,529.00,$249.99
test,governed_false_positive,24457389#52120879,0,0.981751817728926,valid,[],"['brand_match', 'category_keyword_overlap']",['currency_missing_or_mismatch'],accept,1,score_above_threshold_not_invalid,Sharp Toner Cyan 15k - MX-2640,Sharp Toner Cyan 15k - MX2300/2700,Sharp,Sharp,1295,1395
valid,governed_false_positive,63386383#88950114,0,0.9809379599895608,uncertain,[],[],"['brand_missing', 'multiple_quantities_ambiguous', 'currency_missing_or_mismatch']",accept,1,score_above_threshold_not_invalid,Fujifilm XF-56mm f1.2 APD,Fujifilm XF-56mm f1.2 R,,Fujifilm,999.00,879.49
test,governed_false_positive,63634340#30137322,0,0.979204300474048,valid,[],['brand_match'],"['price_missing', 'color_conflict']",accept,1,score_above_threshold_not_invalid,"Zebra Black Monochrome Ribbon - K - 1,000 prints","Zebra Gold Monochrome Ribbon - 1,000 prints",zebra,zebra,,
test,governed_false_positive,56774153#60071236,0,0.975879648478435,uncertain,[],[],"['brand_missing', 'currency_missing_or_mismatch']",accept,1,score_above_threshold_not_invalid,"Card Art Card Baby romper, Dutch Doobadoo 470.713.595",Dutch Doobadoo Card Art 3733 Snowdome,,,2.75,3.15
valid,governed_false_positive,79599413#55369895,0,0.975729759010974,uncertain,[],[],"['brand_missing', 'model_tokens_no_overlap', 'bundle_or_kit_mismatch', 'currency_missing_or_mismatch']",accept,1,score_above_threshold_not_invalid,"EPSON Multipack fr EPSON Stylus Photo R200 / R300 Inhalt: je 1x light cyan, cyan, light magenta, magenta, gelb, schwarz (neu: C13T04874010 / alt: C13T048140A0) R220 / R320 / R340 / RX500 / RX600 / RX620 / RX640",Epson STYLUS PHOTO R3000 BLACK INK,EPSON,,99.41,24.81
train,governed_false_positive,98586705#25435848,0,0.975336973970805,uncertain,[],[],"['brand_missing', 'multiple_quantities_ambiguous', 'currency_missing_or_mismatch']",accept,1,score_above_threshold_not_invalid,Apple 60W MagSafe 2 Power Adapter Macbook 60w Magsafe2 Power Adapter,APPLE APPLE 60W MAGSAFE POWER ADAPTER,,APPLE,79.0000,1049.00
valid,governed_false_positive,76444235#81158427,0,0.9753039815511524,valid,[],"['brand_match', 'category_keyword_overlap']","['multiple_quantities_ambiguous', 'price_missing']",accept,1,score_above_threshold_not_invalid,"HDD: 8 Tb (3.5\"") 7200 Seagate IronWolf Pro SATA III 256Mb (ST8000NE001)","HDD: 16 Tb (3.5\"") 7200 Seagate IronWolf Pro SATA III 256Mb",Seagate,Seagate,,
train,governed_false_positive,27442156#71716796,0,0.9752975083266688,uncertain,[],[],"['brand_missing', 'currency_missing_or_mismatch']",accept,1,score_above_threshold_not_invalid,Swiss Military Hanowa FLAGSHIP 06-5161.2.04.007 Herrenuhr,Swiss Military Hanowa Flagship 06-5161.2.04.003,,SWISS MILITARY HANOWA,"378,00 лв",6145.0000
test,governed_false_positive,95629679#3745118,0,0.9747365308795264,uncertain,[],[],"['brand_missing', 'multiple_quantities_ambiguous', 'currency_missing_or_mismatch']",accept,1,score_above_threshold_not_invalid,Peak Design Everyday Backpack 20L v2 - Midnight,Peak Design Everyday Backpack 20L V2,,Peak Design,259.95,1920
test,governed_false_positive,31981847#56354267,0,0.9738264343622768,uncertain,[],[],"['brand_missing', 'currency_missing_or_mismatch']",accept,1,score_above_threshold_not_invalid,Dutch Doobadoo Dutch Card Art Stencil Window A4,Dutch Doobadoo Dutch Card Art Stencil appel A4 470.713.596,,,4.95,4.85
test,governed_false_positive,56159566#7185118,0,0.9736283013075556,valid,[],['model_token_overlap'],"['brand_missing', 'currency_missing_or_mismatch']",accept,1,score_above_threshold_not_invalid,Tissot Mens T-Race Cycling Dark Blue Watch T111.417.37.441.06,Tissot T-Race Cycling T111.417.27.441.00,Tissot,,385.95,433.78
test,governed_false_positive,653566#7185118,0,0.9731301531940068,valid,[],['model_token_overlap'],"['brand_missing', 'currency_missing_or_mismatch']",accept,1,score_above_threshold_not_invalid,Tissot Mens T-Race Cycling Light Blue Watch T111.417.37.441.05,Tissot T-Race Cycling T111.417.27.441.00,Tissot,,377.65,433.78
train,governed_false_positive,77564821#63223933,0,0.9726408122388334,uncertain,[],[],"['brand_missing', 'multiple_quantities_ambiguous', 'currency_missing_or_mismatch']",accept,1,score_above_threshold_not_invalid,Kingston 128GB microSDXC Canvas Select 80MB/s C10 UHS-I,Kingston 64GB microSDXC Canvas Select 80MB/s C10 UHS-I,,,90,40
test,governed_false_positive,57914917#63634340,0,0.972279008882024,valid,[],['color_match'],"['brand_missing', 'bundle_or_kit_mismatch', 'price_missing']",accept,1,score_above_threshold_not_invalid,"Black Monochrome Ribbon - K - 3,000 prints","Zebra Black Monochrome Ribbon - K - 1,000 prints",,zebra,0.00,
valid,true_positive_blocked_by_symbolic_invalid,27584246#56852351,1,0.986784447146282,invalid,['model_token_conflict'],['category_keyword_overlap'],"['brand_missing', 'currency_missing_or_mismatch']",reject,0,symbolic_invalid_blocks,Kyocera toner TK-3100 (1T02MS0NL0),Kyocera TK-3100 Black Toner Cartridge,Kyocera,,104.90,96.73
valid,true_positive_blocked_by_symbolic_invalid,53299737#65414283,1,0.982199037119051,invalid,['quantity_conflict'],['color_match'],"['brand_missing', 'currency_missing_or_mismatch']",reject,0,symbolic_invalid_blocks,"Johnnie Walker Blue Label Premium Scotch Whisky 40% vol. 0,7l",Johnnie Walker Blue Label Whisky 700ml,,,155.82,249.99
train,true_positive_blocked_by_symbolic_invalid,61023022#23384019,1,0.9803179938987168,invalid,['model_token_conflict'],['category_keyword_overlap'],"['brand_missing', 'currency_missing_or_mismatch']",reject,0,symbolic_invalid_blocks,Mixer video Blackmagic ATEM Production Studio 4K Video Switcher,Blackmagic ATEM Production Studio 4K,,,1445,1.629E5
test,true_positive_blocked_by_symbolic_invalid,12722049#13640797,1,0.9798335314978656,invalid,['variant_modifier_conflict'],['category_keyword_overlap'],"['brand_missing', 'model_tokens_no_overlap', 'currency_missing_or_mismatch']",reject,0,symbolic_invalid_blocks,Autel Robotics EVO II 6K Gimbal Camera,"Autel Robotics EVO II Pro Gimbal Camera 1\"" 6K Camera for EVO 2 Drones, In Stock",,,8.79E2,6.95E2
test,true_positive_blocked_by_symbolic_invalid,29938853#87564521,1,0.975105505691407,invalid,['model_token_conflict'],"['brand_match', 'category_keyword_overlap']",['currency_missing_or_mismatch'],reject,0,symbolic_invalid_blocks,Canon PGI-72 Ink Cartridge (Photo Magenta)CO90223,Genuine Canon PGI-72 Photo Magenta Ink Cartridge (PGI72PMOEM),Canon,Canon,11.29,14.99
train,true_positive_blocked_by_symbolic_invalid,84875057#69931309,1,0.9724443619121724,invalid,['model_token_conflict'],[],"['brand_missing', 'multiple_quantities_ambiguous', 'currency_missing_or_mismatch']",reject,0,symbolic_invalid_blocks,8GB Corsair ValueSelect DDR4-2133 DIMM CL15 Single,Corsair DDR4 8GB 2133Mhz CL15 Dimm Valueselect Single Module CMV8GX4M1A2133C15,Corsair,,33.99,29.1
test,true_positive_blocked_by_symbolic_invalid,7987227#31807881,1,0.9713324375048514,invalid,['variant_modifier_conflict'],"['brand_match', 'model_token_overlap']","['multiple_quantities_ambiguous', 'currency_missing_or_mismatch']",reject,0,symbolic_invalid_blocks,Switch CISCO WS-C2960XR-24PS-I,"Cisco Catalyst 2960-XR | WS-C2960XR-24PS-I Catalyst 2960XR 24 port 10/100/1000 PoE+ 370W, 4 x 1G SFP, IP Lite",Cisco,Cisco,43773.34,76000
train,true_positive_blocked_by_symbolic_invalid,29012618#26727944,1,0.971015745187382,invalid,['brand_conflict'],['model_token_overlap'],['currency_missing_or_mismatch'],reject,0,symbolic_invalid_blocks,SRAM NX Eagle 12-Speed Trigger Shifter with Discrete Clamp,"SRAM SRAM NX Eagle 12-Speed Trigger Shifter with Discrete Clamp, Black",QBP,SRAM,42.0,42.00
train,true_positive_blocked_by_symbolic_invalid,96810371#61978477,1,0.9705451471439084,invalid,['brand_conflict'],"['model_token_overlap', 'category_keyword_overlap']","['multiple_quantities_ambiguous', 'currency_missing_or_mismatch']",reject,0,symbolic_invalid_blocks,Networking Device 48 Port Full PoE 2x10G LAN - WS-C3650-48FD-L,Cisco Ws-c3650-48fd-l (ws-c3650-48fd-l) Cisco Catalyst 3650 48 Port Full Poe 2x10g Uplink Lan Base,Cisco Linksys,Cisco,6467.98,9593
train,true_positive_blocked_by_symbolic_invalid,41256110#34686093,1,0.9665051013841236,invalid,['model_token_conflict'],"['color_match', 'category_keyword_overlap']","['brand_missing', 'multiple_quantities_ambiguous', 'currency_missing_or_mismatch']",reject,0,symbolic_invalid_blocks,LaCie 5TB HDD External Mobile Drive - Moon Silver,"Seagate Mobile Drive 5TB External Hard Drive Portable HDD – Moon Silver USB-C USB 3.0, for Mac and PC Desktop, 1 Month Adobe CC (STHG5000400)",,Seagate,159.99,154.99
valid,true_positive_blocked_by_symbolic_invalid,73979426#83239139,1,0.9646033247681928,invalid,['variant_modifier_conflict'],['model_token_overlap'],"['brand_missing', 'currency_missing_or_mismatch']",reject,0,symbolic_invalid_blocks,NETGEAR GS108E Switch 8 Port ProSafe - GS108E-300PES,Netgear ProSAFE Unmanaged Plus Switch - GS108E - 8 Gigabit Ethernet poorten,,Netgear,226.00,35.27
valid,true_positive_blocked_by_symbolic_invalid,83095015#89399226,1,0.9639076034218848,invalid,['model_token_conflict'],[],"['brand_missing', 'currency_missing_or_mismatch']",reject,0,symbolic_invalid_blocks,Life Extension - Super Ubiquinol CoQ10 with Enhanced Mitochondrial Support 50mg - 30 softgels,Super Ubiquinol CoQ10 with Enhanced Mitochondrial Support 50 mg,,Life Extension,20.15,15.00
valid,true_positive_blocked_by_symbolic_invalid,84301060#87426005,1,0.9638807384557996,invalid,['brand_conflict'],['color_match'],['currency_missing_or_mismatch'],reject,0,symbolic_invalid_blocks,Instax Square film Black Frame,Fujifilm Instax Square Film ( Black Frame 10's ),Fuji,FUJIFILM,฿370,55.0
train,true_positive_blocked_by_symbolic_invalid,50176096#29478614,1,0.959955816446606,invalid,['variant_modifier_conflict'],['model_token_overlap'],"['brand_missing', 'multiple_quantities_ambiguous', 'currency_missing_or_mismatch']",reject,0,symbolic_invalid_blocks,Corsair ML140 PRO 140mm Premium Magnetic Levitation Fan - Twin Pack,Corsair ML140 140mm Premium Magnetic Levitation Fan Ã¢ÂÂ Twin Pack,Corsair,,36.61,59.00
train,true_positive_blocked_by_symbolic_invalid,10327275#48678537,1,0.959084559882976,invalid,['variant_modifier_conflict'],['model_token_overlap'],"['brand_missing', 'currency_missing_or_mismatch']",reject,0,symbolic_invalid_blocks,Manfrotto 500 Pro Fluid Video Head with Flat Base MVH500AH,Manfrotto MVH500AH Head Fluid Video Flat Base,Manfrotto,,99.17,233.2
test,true_positive_blocked_by_symbolic_invalid,18140756#51109166,1,0.9549614259729504,invalid,['model_token_conflict'],"['quantity_match', 'category_keyword_overlap']","['brand_missing', 'bundle_or_kit_mismatch', 'currency_missing_or_mismatch']",reject,0,symbolic_invalid_blocks,Ssd patriot burst 480gb 2.5 sata3 r/w speed: 560ms/s/540 mb/s,Patriot BURST 480GB 2.5 SSD,Patriot,,334.1,1.579E3
valid,true_positive_blocked_by_symbolic_invalid,54726010#19731649,1,0.9520468134849888,invalid,['quantity_conflict'],"['brand_match', 'model_token_overlap', 'category_keyword_overlap']","['bundle_or_kit_mismatch', 'currency_missing_or_mismatch']",reject,0,symbolic_invalid_blocks,"ASUS AM4 TUF Gaming X570-Plus ATX Motherboard with PCIe 4.0, Dual M.2, 12+2 with Dr. MOS Power Stage, HDMI, DP, SATA 6Gb/s, USB 3.2 Gen 2 and Aura Sync RGB Lighting",ASUS TUF GAMING X570-PLUS,ASUS,ASUS,189.99,68978
test,true_positive_blocked_by_symbolic_invalid,995548#36270221,1,0.9516952709198978,invalid,['model_token_conflict'],[],"['brand_missing', 'currency_missing_or_mismatch']",reject,0,symbolic_invalid_blocks,Seiko Prospex Automatic Divers 200M,Seiko Mens Prospex Divers Automatic Blue Rubber Strap Watch SPB053J1,,Seiko,799,743.07
train,true_positive_blocked_by_symbolic_invalid,50176096#36295476,1,0.9476474371695882,invalid,['variant_modifier_conflict'],"['brand_match', 'model_token_overlap']","['multiple_quantities_ambiguous', 'currency_missing_or_mismatch']",reject,0,symbolic_invalid_blocks,Corsair ML140 PRO 140mm Premium Magnetic Levitation Fan - Twin Pack,Corsair ML140 Magnetic Levitation 140mm Case Fan - Twin Pack,Corsair,Corsair,36.61,44.99
train,true_positive_blocked_by_symbolic_invalid,12459344#35452993,1,0.945895843353568,invalid,['model_token_conflict'],"['quantity_match', 'category_keyword_overlap']","['brand_missing', 'currency_missing_or_mismatch']",reject,0,symbolic_invalid_blocks,Ubiquiti UniFi UVC-G3-FLEX-3 Video Cameras - 3 Pack,"UVC-G3-FLEX-3Ubiquiti UniFi Video Camera, G3, Flex 3 pack",Ubiquiti,,258.49,26.27
train,true_positive_blocked_by_symbolic_invalid,29169075#77369770,1,0.9452621285433812,invalid,['variant_modifier_conflict'],"['model_token_overlap', 'quantity_match']","['brand_missing', 'currency_missing_or_mismatch']",reject,0,symbolic_invalid_blocks,Cooler Master MasterLiquid Lite ML120L RGB V2,Cooler Master MasterLiquid ML120L RGB V2 120mm Liquid CPU Cooler MLW-D12M-A18PC-R2 | PCByte,,Cooler Master,289,85.0
train,true_positive_blocked_by_symbolic_invalid,63082325#6529731,1,0.9446468153856168,invalid,['model_token_conflict'],['category_keyword_overlap'],"['brand_missing', 'currency_missing_or_mismatch']",reject,0,symbolic_invalid_blocks,"Garmin Transducer extension cable, 4-pin (10 ft)",Garmin Garmin 10ft Transducer Extension Cable 4 -Pin,,Garmin,42,29.99
train,true_positive_blocked_by_symbolic_invalid,8540731#88912520,1,0.9440250563182094,invalid,['brand_conflict'],['model_token_overlap'],['currency_missing_or_mismatch'],reject,0,symbolic_invalid_blocks,TP-Link Tl-pb20000 20000mah Power Bank,Power bank de 20000mah polímero de litiotl-pb20000/ tl-pb20000,TP-Link,Tplink,206.99,463.22
test,true_positive_blocked_by_symbolic_invalid,84271012#33271813,1,0.9423726295996148,invalid,"['model_token_conflict', 'variant_modifier_conflict']",[],"['brand_missing', 'multiple_quantities_ambiguous', 'bundle_or_kit_mismatch', 'currency_missing_or_mismatch']",reject,0,symbolic_invalid_blocks,70mm X 120mm Tarot Card Board Game Sleeves (50 ct.),Ultra Pro - Board Game Sleeves 50ct - Tarot Sized - 70mm x 120mm,Ultra PRO,,0.0,3.25
test,true_positive_blocked_by_symbolic_invalid,2157787#24112052,1,0.9408165458377008,invalid,['model_token_conflict'],[],"['brand_missing', 'multiple_quantities_ambiguous', 'currency_missing_or_mismatch']",reject,0,symbolic_invalid_blocks,Dymo 12mm Black On Green D1 Tape (45019),DYMO 4500 TAPE BLACK/GREEN 45019,Dymo,,11.69,10.98
test,true_positive_blocked_by_symbolic_invalid,8130501#40458528,1,0.9391877789888206,invalid,['model_token_conflict'],['category_keyword_overlap'],"['brand_missing', 'currency_missing_or_mismatch']",reject,0,symbolic_invalid_blocks,"Nikon EN-EL23 Rechargeable Battery, 3.8v 1850mah",Nikon EN-EL23 Rechargeable Li-ion Battery for P600/610 and P900,,,39.90,69.99
valid,true_positive_blocked_by_symbolic_invalid,52988990#7068563,1,0.9376554855563052,invalid,['model_token_conflict'],['category_keyword_overlap'],"['brand_missing', 'currency_missing_or_mismatch']",reject,0,symbolic_invalid_blocks,Canon PFI-107C Cyan Ink,CANON PFI-107 ink cartridge cyan,,CANON,74.00,418.40
test,true_positive_blocked_by_symbolic_invalid,26513717#26986067,1,0.9341253553082898,invalid,['model_token_conflict'],['category_keyword_overlap'],"['brand_missing', 'currency_missing_or_mismatch', 'color_conflict']",reject,0,symbolic_invalid_blocks,Tissot Watch V8 Swissmatic Mens,Tissot Mens T-Sport V8 Swissmatic White Dial Bracelet Watch T106.407.11.031.01,,Tissot,390.00,351.00
valid,true_positive_blocked_by_symbolic_invalid,90178413#44412171,1,0.9327080835584288,invalid,['model_token_conflict'],[],"['brand_missing', 'multiple_quantities_ambiguous', 'currency_missing_or_mismatch']",reject,0,symbolic_invalid_blocks,Seagate 12TB 7200obr. 256MB IronWolf,SEAGATE 12TB 3.5'' 7200RPM 256MB Sata3 Ironwolf Nas Dahili HardDisk ST12000VN0008,,,1859,3.4199E3
train,true_positive_blocked_by_symbolic_invalid,25251155#15732066,1,0.9319876044399164,invalid,['model_token_conflict'],['category_keyword_overlap'],"['brand_missing', 'price_missing']",reject,0,symbolic_invalid_blocks,Tissot T-Touch Expert Solar Watch T0914204605101,Tissot Mens T-Touch Expert Solar Black Leather Strap Watch T091.420.46.051.01,,Tissot,,780.20
valid,uncertain_high_score,78253269#96929485,0,1.0,uncertain,[],[],"['brand_missing', 'model_tokens_no_overlap', 'multiple_quantities_ambiguous', 'bundle_or_kit_mismatch', 'currency_missing_or_mismatch']",accept,1,score_above_threshold_not_invalid,Ladies Daniel Wellington Sheffield Rose 36mm Watch DW00100036,BỘ LƯU ĐIỆN UPS APC SURT20KRMXLI 20KVA,,APC,149.00,205000000
valid,uncertain_high_score,58786972#46197341,1,0.9982281441825804,uncertain,[],[],"['brand_missing', 'bundle_or_kit_mismatch', 'currency_missing_or_mismatch']",accept,1,score_above_threshold_not_invalid,Razer Ornata Chroma Gaming Keyboard,"Tastatura Razer Ornata Chroma â€“ Multi-color Membrane Gaming Keyboard - US Layout, Wired USB Connection, Razer Mecha-Membrane Technology, Mid-height keycaps, Razer Chroma backlighting, Ergonomic wris",,,199.95,851.82
valid,uncertain_high_score,6666822#46096282,1,0.9935380320111086,uncertain,[],[],"['brand_missing', 'currency_missing_or_mismatch']",accept,1,score_above_threshold_not_invalid,Corsair K55 RGB Gaming Keyboard,CORSAIR K55 RGB Gaming Keyboard - Quiet & Satisfying LED Backlit Keys - Media Controls - Wrist Rest Included – Onboard Macro Recording | CH-9206015-NA,,,3850.00,308.00
test,uncertain_high_score,56698149#45220776,0,0.9924204348548196,uncertain,[],[],"['brand_missing', 'price_missing']",accept,1,score_above_threshold_not_invalid,Epson Ultra Glossy Photo Paper,"EPSON S041944 ultra glossy photo paper 300g/m², 13x18cm/50vel",Epson,,2150,
valid,uncertain_high_score,10214898#18529215,1,0.9914170416860304,uncertain,[],[],"['brand_missing', 'currency_missing_or_mismatch']",accept,1,score_above_threshold_not_invalid,Swiss Military Hanowa Flagship 06-5161.2.04.007,Swiss Military Hanowa FLAGSHIP 06-5161.2.04.007 Men's Watch,,,1895.00,181.00
valid,uncertain_high_score,49816210#73760575,1,0.990852662964298,uncertain,[],[],"['brand_missing', 'currency_missing_or_mismatch']",accept,1,score_above_threshold_not_invalid,Gorro New Era Oakland Raiders HM Knitted Cap,Bonnet New Era Oakland Raiders HM Knitted Cap,,,3.19E1,3.19E1
test,uncertain_high_score,4395083#68021989,0,0.9874603493453024,uncertain,[],[],"['brand_missing', 'currency_missing_or_mismatch']",accept,1,score_above_threshold_not_invalid,DJI Mavic 2 Enterprise Dual,DJI Mavic 2 Enterprise (Zoom) w/ Smart Controller and DJI Enterprise Shield Basic,,,999999,2.995E3
valid,uncertain_high_score,91573353#51362158,1,0.986803655732518,uncertain,[],[],"['brand_missing', 'currency_missing_or_mismatch']",accept,1,score_above_threshold_not_invalid,Jacket New Era nfl new england patriots bomber,Bunda New Era nfl new england patriots bomber,,,1.199E2,1.199E2
train,uncertain_high_score,18649931#69398766,1,0.9864702640923644,uncertain,[],[],"['brand_missing', 'currency_missing_or_mismatch']",accept,1,score_above_threshold_not_invalid,Kappe New Era Clean Trucker Chicago Bulls Cap,Cap New Era Clean Trucker Chicago Bulls Cap,,,2.59E1,2.59E1
test,uncertain_high_score,77900148#32297124,0,0.985988145392228,uncertain,[],[],"['brand_missing', 'currency_missing_or_mismatch']",accept,1,score_above_threshold_not_invalid,Dutch Doobadoo - Dutch Card Art - Apple,Dutch Doobadoo - Dutch Card Art - Sneeuwbol,,,4.75,4.75
test,uncertain_high_score,30058882#4395083,0,0.9853527143881532,uncertain,[],[],"['brand_missing', 'bundle_or_kit_mismatch', 'currency_missing_or_mismatch']",accept,1,score_above_threshold_not_invalid,DJI Mavic 2 Enterprise Dual with Shield Protection or Smart Controller,DJI Mavic 2 Enterprise Dual,DJI,,3350.00,999999
test,uncertain_high_score,56698149#50987480,1,0.9844648548973188,uncertain,[],[],"['brand_missing', 'currency_missing_or_mismatch']",accept,1,score_above_threshold_not_invalid,Epson Ultra Glossy Photo Paper,Epson A4 300gsm Ultra Glossy Photo Paper - 15 sheets,Epson,,2150,19.49
valid,uncertain_high_score,8482438#5062948,1,0.9826678820254612,uncertain,[],[],"['brand_missing', 'currency_missing_or_mismatch']",accept,1,score_above_threshold_not_invalid,"Life Extension Super Ubiquinol COQ10 with Enhanced Mitochondrial Support 100 mg, 60 Count","Life Extension, Super Ubiquinol CoQ10 with Enhanced Mitochondrial Support, 100 mg, 60 Softgels",,,46.50,2297.17
test,uncertain_high_score,37696616#18510686,0,0.9821737200727998,uncertain,[],[],"['brand_missing', 'bundle_or_kit_mismatch', 'currency_missing_or_mismatch']",accept,1,score_above_threshold_not_invalid,Epson Premium Glossy Photo Paper - A4 - 20 Sheets,Epson A4 Glossy Photo Paper 20 Sheets,,,19.80,9.96
valid,uncertain_high_score,63386383#88950114,0,0.9809379599895608,uncertain,[],[],"['brand_missing', 'multiple_quantities_ambiguous', 'currency_missing_or_mismatch']",accept,1,score_above_threshold_not_invalid,Fujifilm XF-56mm f1.2 APD,Fujifilm XF-56mm f1.2 R,,Fujifilm,999.00,879.49
train,uncertain_high_score,34471783#37251882,1,0.9805491740283954,uncertain,[],[],"['brand_missing', 'currency_missing_or_mismatch']",accept,1,score_above_threshold_not_invalid,Canon Pro Platinum Photo Paper 20Sh,"Canon PT-101 4""X6"" Photo Paper Pro Platinum (20 sheets)",,Canon,11.99,14.90
train,uncertain_high_score,40610417#79464526,1,0.9791507819471982,uncertain,[],[],"['brand_missing', 'currency_missing_or_mismatch']",accept,1,score_above_threshold_not_invalid,Veste New Era nfl new england patriots bomber,Jacke New Era nfl new england patriots bomber,,,1.199E2,1.199E2
test,uncertain_high_score,56774153#59874069,1,0.9788883344697876,uncertain,[],[],"['brand_missing', 'currency_missing_or_mismatch']",accept,1,score_above_threshold_not_invalid,"Card Art Card Baby romper, Dutch Doobadoo 470.713.595",Dutch Doobadoo Card Art - Baby Onesie,,,2.75,4.95
test,uncertain_high_score,68400481#75957420,1,0.9775434776212332,uncertain,[],[],"['brand_missing', 'currency_missing_or_mismatch']",accept,1,score_above_threshold_not_invalid,Dutch Doobadoo Dutch Box Art stencil Merci A4 470.713.017,Dutch Doobadoo - Dutch Box Art - Merci,,,4.85,4.75
valid,uncertain_high_score,42116919#29572994,1,0.9772818183234304,uncertain,[],[],"['brand_missing', 'bundle_or_kit_mismatch', 'currency_missing_or_mismatch']",accept,1,score_above_threshold_not_invalid,D'Addario NYXL Nickel Wound Electric Guitar Strings Medium Top / Heavy Bottom 11-52,Daddario 11-52 NYXL Medium Top Heavy Bottom Nickel Wound Electric Strings,D'Addario,,13.99,12.99
test,uncertain_high_score,34487169#31981847,1,0.9765773514214672,uncertain,[],[],"['brand_missing', 'currency_missing_or_mismatch']",accept,1,score_above_threshold_not_invalid,"Card Art Window 2, Dutch Doobadoo 470.713.307",Dutch Doobadoo Dutch Card Art Stencil Window A4,,,2.75,4.95
train,uncertain_high_score,29882800#30168739,1,0.9761524995038192,uncertain,[],[],"['brand_missing', 'price_missing']",accept,1,score_above_threshold_not_invalid,Canon EF-S 10-18 f/4.5-5.6 IS STM,Canon EF-S 10-18 mm f/4.5-5.6 IS STM Reflex Lens,Canon,,,2.593E2
test,uncertain_high_score,56774153#60071236,0,0.975879648478435,uncertain,[],[],"['brand_missing', 'currency_missing_or_mismatch']",accept,1,score_above_threshold_not_invalid,"Card Art Card Baby romper, Dutch Doobadoo 470.713.595",Dutch Doobadoo Card Art 3733 Snowdome,,,2.75,3.15
valid,uncertain_high_score,79599413#55369895,0,0.975729759010974,uncertain,[],[],"['brand_missing', 'model_tokens_no_overlap', 'bundle_or_kit_mismatch', 'currency_missing_or_mismatch']",accept,1,score_above_threshold_not_invalid,"EPSON Multipack fr EPSON Stylus Photo R200 / R300 Inhalt: je 1x light cyan, cyan, light magenta, magenta, gelb, schwarz (neu: C13T04874010 / alt: C13T048140A0) R220 / R320 / R340 / RX500 / RX600 / RX620 / RX640",Epson STYLUS PHOTO R3000 BLACK INK,EPSON,,99.41,24.81
train,uncertain_high_score,98586705#25435848,0,0.975336973970805,uncertain,[],[],"['brand_missing', 'multiple_quantities_ambiguous', 'currency_missing_or_mismatch']",accept,1,score_above_threshold_not_invalid,Apple 60W MagSafe 2 Power Adapter Macbook 60w Magsafe2 Power Adapter,APPLE APPLE 60W MAGSAFE POWER ADAPTER,,APPLE,79.0000,1049.00
train,uncertain_high_score,27442156#71716796,0,0.9752975083266688,uncertain,[],[],"['brand_missing', 'currency_missing_or_mismatch']",accept,1,score_above_threshold_not_invalid,Swiss Military Hanowa FLAGSHIP 06-5161.2.04.007 Herrenuhr,Swiss Military Hanowa Flagship 06-5161.2.04.003,,SWISS MILITARY HANOWA,"378,00 лв",6145.0000
valid,uncertain_high_score,95163536#6972787,1,0.9752256891140992,uncertain,[],[],"['brand_missing', 'currency_missing_or_mismatch']",accept,1,score_above_threshold_not_invalid,"RAM-B-342U RAM Mounts Motorcycle Fork Stem Base with 1\"" Ball","RAM Motorcycle Fork Stem Base with 1\"" Ball",,RAM Mounts,16.49,$22.00
train,uncertain_high_score,20101674#9566556,1,0.975065681100738,uncertain,[],[],"['brand_missing', 'multiple_quantities_ambiguous', 'currency_missing_or_mismatch']",accept,1,score_above_threshold_not_invalid,Canon EF 100mm F2.8 L IS USM Macro,EF 100mm f/2.8L Macro IS USM,Canon,,969.00,1040
test,uncertain_high_score,95629679#3745118,0,0.9747365308795264,uncertain,[],[],"['brand_missing', 'multiple_quantities_ambiguous', 'currency_missing_or_mismatch']",accept,1,score_above_threshold_not_invalid,Peak Design Everyday Backpack 20L v2 - Midnight,Peak Design Everyday Backpack 20L V2,,Peak Design,259.95,1920
train,uncertain_high_score,74483795#10484404,1,0.9743615499356773,uncertain,[],[],"['brand_missing', 'multiple_quantities_ambiguous', 'bundle_or_kit_mismatch', 'currency_missing_or_mismatch']",accept,1,score_above_threshold_not_invalid,Fujifilm XF 80mm F2.8 R LM OIS WR Macro | 2 Years Warranty,Fujifilm XF 80mm F2.8 R LM OIS WR Fujinon Macro Lens,,,959,1149.00
valid,valid_high_score_accepted,29521578#96929485,0,1.0,valid,[],"['model_token_overlap', 'category_keyword_overlap']","['brand_missing', 'currency_missing_or_mismatch']",accept,1,score_above_threshold_not_invalid,"APC SMART-UPS EXTERNAL BATTERY (RT SERIES), 192V (FOR SURT15KRMXLI & SURT20KRMXLI)",BỘ LƯU ĐIỆN UPS APC SURT20KRMXLI 20KVA,,APC,4206.7,205000000
valid,valid_high_score_accepted,35589885#96929485,1,1.0,valid,[],['category_keyword_overlap'],"['brand_missing', 'currency_missing_or_mismatch']",accept,1,score_above_threshold_not_invalid,"APC Smart-UPS RT - USV - 19\""-Rack montierbar - 230 V",BỘ LƯU ĐIỆN UPS APC SURT20KRMXLI 20KVA,,APC,12351.33,205000000
valid,valid_high_score_accepted,96929485#90174187,0,1.0,valid,[],['category_keyword_overlap'],"['brand_missing', 'model_tokens_no_overlap', 'bundle_or_kit_mismatch', 'currency_missing_or_mismatch']",accept,1,score_above_threshold_not_invalid,BỘ LƯU ĐIỆN UPS APC SURT20KRMXLI 20KVA,APC Smart-UPS SRT 10000VA 230V,APC,,205000000,10630.6
test,valid_high_score_accepted,196253#6175893,1,0.9981620572663652,valid,[],['model_token_overlap'],"['brand_missing', 'bundle_or_kit_mismatch', 'currency_missing_or_mismatch']",accept,1,score_above_threshold_not_invalid,Tissot Le Locle T006.207.11.038.00,Đồng hồ Tissot T006.207.11.038.00,,,423.00,18140000
valid,valid_high_score_accepted,29732271#89895212,1,0.9975414935731608,valid,[],"['model_token_overlap', 'color_match']","['brand_missing', 'multiple_quantities_ambiguous', 'currency_missing_or_mismatch']",accept,1,score_above_threshold_not_invalid,"Cooler Master Hyper H411R CPU Cooler with 92mm White LED PWM Fan, 4 Heat Pipes / Direct Contact / Aluminum Fins Intel: LGA 2066 / 2011-3 / 2011/1200/ 1151 /1150 /1155 /1156 / 1366 / 775, AMD AM4 / AM3+ / AM3 / AM2+ / AM2 / FM2+ / FM2 / FM1",Cooler Master CPU Cooler Hyper H411R,,,45,79
test,valid_high_score_accepted,55154351#51848095,1,0.9964832420073576,valid,[],['model_token_overlap'],"['brand_missing', 'currency_missing_or_mismatch']",accept,1,score_above_threshold_not_invalid,TISSOT EVERYTIME MEDIUM T109.410.11.033.00 (T109.410.11.033.00),Tissot T109.410.11.033.00,,,260.00,20390
valid,valid_high_score_accepted,36012861#40412085,1,0.995381080896421,valid,[],['model_token_overlap'],"['brand_missing', 'bundle_or_kit_mismatch', 'currency_missing_or_mismatch']",accept,1,score_above_threshold_not_invalid,Tissot Tradition T063.617.16.057.00,Tissot T-Classic T063.617.16.057.00 Tradition Chrono Black 42mm,,,365.55,10250000
train,valid_high_score_accepted,56736608#95961137,1,0.9937040990659328,valid,[],"['model_token_overlap', 'category_keyword_overlap']","['brand_missing', 'multiple_quantities_ambiguous', 'currency_missing_or_mismatch']",accept,1,score_above_threshold_not_invalid,Atomos Coiled Full HDMI to Full HDMI Cable (30cm) - ATOMCAB010,Atomos ATOMCAB010 Coiled Full HDMI to Full HDMI Cable,Atomos,,29.00,22.96
test,valid_high_score_accepted,84686125#35452020,1,0.993353129113886,valid,[],['category_keyword_overlap'],"['brand_missing', 'currency_missing_or_mismatch', 'color_conflict']",accept,1,score_above_threshold_not_invalid,"iPhone 7 Plus Lightning Connector Assembly, New, Fix Kit - Grey",iPhone 7 Plus Lightning Connector Assembly - Gray / New / Fix Kit / White / New / Fix Kit / Black / New / Fix Kit / Gray / New / Part Only / White / New / Part Only / Black / New / Part Only,,,69.99,44.99
valid,valid_high_score_accepted,14737778#79816290,1,0.9925773102299624,valid,[],['model_token_overlap'],"['brand_missing', 'price_missing']",accept,1,score_above_threshold_not_invalid,"RAM Double U-Bolt Base with 2.25\"" Ball","RAM-D-235U - RAM Double U-Bolt Base with D Size 2.25\"" Ball for Rails from 0.75\"" to 1.25\"" in Diameter",,RAM Mounts,$64.05,
test,valid_high_score_accepted,32359565#19898746,1,0.992116274297723,valid,[],['model_token_overlap'],"['brand_missing', 'currency_missing_or_mismatch']",accept,1,score_above_threshold_not_invalid,SEATTLE MARINERS THE LEAGUE 9FORTY ADJUSTABLE,New Era Curved Brim 9FORTY The League Seattle Mariners MLB Navy Blue Adjustable Cap,,,24.99,24.95
valid,valid_high_score_accepted,45988376#67275979,1,0.9915427834628758,valid,[],"['model_token_overlap', 'category_keyword_overlap']","['brand_missing', 'currency_missing_or_mismatch']",accept,1,score_above_threshold_not_invalid,BROTHER MFC-L2710DW COMPACT LASER ALL-IN-ONE WITH DUPLEX PRINTING WITH WIRELESS NETWORKING - COPIER/FAX/PRINTER/SCANNER - 32 PPM MONO PRINT - 2400 X 600 DPI PRINT - AUTOMATIC DUPLEX PRINT - 1200 DPI OPTICAL SCAN - 250 SHEETS INPUT - ETHERNET - WIRELE,Brother MFC-L2710DW - multifunction printer - B/W,,,$249.99,199.99
train,valid_high_score_accepted,43289949#78234939,1,0.9914476209288344,valid,[],['model_token_overlap'],"['brand_missing', 'multiple_quantities_ambiguous', 'currency_missing_or_mismatch']",accept,1,score_above_threshold_not_invalid,MikroTik RouterBOARD Cloud Core Router CCR1036-12G-4S-EM,Mikrotik Cloud Core Router CCR1036-12G-4S-EM Extended Memory,MikroTik,,1140.72,4417.212901
train,valid_high_score_accepted,67646392#31276154,1,0.9914331680056804,valid,[],['model_token_overlap'],"['brand_missing', 'currency_missing_or_mismatch']",accept,1,score_above_threshold_not_invalid,CS-R9100 CASSETTE 11-25 DURA-ACE 11-SPEED,Shimano Shimano Cs-R9100 Cassette 11-25 Dura-Ace 11-Speed,,Shimano,559.0,339.99
train,valid_high_score_accepted,95961137#67669854,1,0.9911785281036416,valid,[],['category_keyword_overlap'],"['brand_missing', 'multiple_quantities_ambiguous', 'currency_missing_or_mismatch']",accept,1,score_above_threshold_not_invalid,Atomos ATOMCAB010 Coiled Full HDMI to Full HDMI Cable,Atomos Atomos coiled full HDMI to full HDMI cable (30-45cm),,Atomos,22.96,22.95
test,valid_high_score_accepted,653566#29009865,1,0.991011690976089,valid,[],"['model_token_overlap', 'category_keyword_overlap']","['brand_missing', 'bundle_or_kit_mismatch', 'currency_missing_or_mismatch', 'color_conflict']",accept,1,score_above_threshold_not_invalid,Tissot Mens T-Race Cycling Light Blue Watch T111.417.37.441.05,Tissot T111.417.37.441.05 T-Race Cycling Chronograph Black PVD 44mm,Tissot,,377.65,11820000
valid,valid_high_score_accepted,30007794#77755482,1,0.9906930184904058,valid,[],['category_keyword_overlap'],"['brand_missing', 'currency_missing_or_mismatch']",accept,1,score_above_threshold_not_invalid,Canon Ink Jet Cartridge PGI-72 PBK/GY/PM/PC/CO Multipack 40433,Canon PGI-72 PBK/GY/PM/PC/CO 5 Ink Cartridge Multipack,,,55.99,679.99
test,valid_high_score_accepted,56159566#29009865,0,0.9889600346120624,valid,[],"['model_token_overlap', 'category_keyword_overlap']","['brand_missing', 'bundle_or_kit_mismatch', 'currency_missing_or_mismatch', 'color_conflict']",accept,1,score_above_threshold_not_invalid,Tissot Mens T-Race Cycling Dark Blue Watch T111.417.37.441.06,Tissot T111.417.37.441.05 T-Race Cycling Chronograph Black PVD 44mm,Tissot,,385.95,11820000
test,valid_high_score_accepted,12338419#2088770,1,0.9888861382272752,valid,[],"['model_token_overlap', 'category_keyword_overlap']","['brand_missing', 'multiple_quantities_ambiguous', 'price_missing']",accept,1,score_above_threshold_not_invalid,"WS-C3650-8X24UQ-LCisco Catalyst 3650 24 Port mGig, 4x10G Uplink, LAN Base","Cisco Catalyst 3650 24 Port mGig, 4x10G Uplink, LAN Base",,,3.58,
train,valid_high_score_accepted,2965203#64197093,1,0.9886563214804192,valid,[],"['model_token_overlap', 'category_keyword_overlap']","['brand_missing', 'currency_missing_or_mismatch']",accept,1,score_above_threshold_not_invalid,APC Smart-UPS RT 192V RM Battery Pack,"APC Smart-UPS RT RM battery pack, Extended-Run, 192V bus voltage, Rack 6U, compatible with Smart-UPS RT RM 15 -20kVA, Black (SURT192RMXLBP2)",,,23449.00,278450
test,valid_high_score_accepted,24931990#29009865,0,0.9880911398768218,valid,[],"['color_match', 'category_keyword_overlap']","['brand_missing', 'currency_missing_or_mismatch']",accept,1,score_above_threshold_not_invalid,Tissot T-Race Chronograph Cycling Chronograph,Tissot T111.417.37.441.05 T-Race Cycling Chronograph Black PVD 44mm,,,6.75E2,11820000
test,valid_high_score_accepted,29009865#7185118,0,0.9867871546181628,valid,[],['model_token_overlap'],"['brand_missing', 'bundle_or_kit_mismatch', 'currency_missing_or_mismatch']",accept,1,score_above_threshold_not_invalid,Tissot T111.417.37.441.05 T-Race Cycling Chronograph Black PVD 44mm,Tissot T-Race Cycling T111.417.27.441.00,,,11820000,433.78
valid,valid_high_score_accepted,67761649#25036871,1,0.9865786140053794,valid,[],"['model_token_overlap', 'category_keyword_overlap']","['brand_missing', 'bundle_or_kit_mismatch', 'currency_missing_or_mismatch']",accept,1,score_above_threshold_not_invalid,Seiko Presage Automatic Zen Garden SRPD41 SRPD41J1 SRPD41J Japan Made Mens Watch,Seiko Presage Automatic Zen Garden SRPD41 SRPD41J1 SRPD41J Japan Made Men's Watch,,,450,624.00
train,valid_high_score_accepted,26727944#20702772,1,0.986436317896782,valid,[],"['model_token_overlap', 'color_match']","['brand_missing', 'currency_missing_or_mismatch']",accept,1,score_above_threshold_not_invalid,"SRAM SRAM NX Eagle 12-Speed Trigger Shifter with Discrete Clamp, Black","SRAM NX Eagle 12-Speed Trigger Shifter with Discrete Clamp, Black",SRAM,,42.00,42.00
train,valid_high_score_accepted,60706564#22000442,1,0.9857409754211868,valid,[],"['model_token_overlap', 'category_keyword_overlap']","['brand_missing', 'currency_missing_or_mismatch']",accept,1,score_above_threshold_not_invalid,Benq Monitor 27 SW271 LED 5ms/QHD/IPS/HDMI/DP/USB,Monitor 27 SW271 LED 5ms/QHD/IPS/HDMI/DP/USB,,,5558.47,5697.05
train,valid_high_score_accepted,78135307#56475885,1,0.9856517401838611,valid,[],['model_token_overlap'],"['brand_missing', 'currency_missing_or_mismatch']",accept,1,score_above_threshold_not_invalid,Cap New Era NFL New Orleans Saints 9Fifty Cap,Kappe New Era NFL New Orleans Saints 9Fifty Cap,,,3.99E1,3.99E1
valid,valid_high_score_accepted,81962548#4542785,1,0.9856151355413864,valid,[],['category_keyword_overlap'],"['brand_missing', 'model_tokens_no_overlap', 'multiple_quantities_ambiguous', 'bundle_or_kit_mismatch', 'currency_missing_or_mismatch']",accept,1,score_above_threshold_not_invalid,Atomos ATOM-CAB010 Full To Full Hdmi Coiled Cable,Atomos Cable - Full HDMI 30cm,,,32.99,29.00
test,valid_high_score_accepted,36026562#43758464,1,0.9855965036842907,valid,[],['category_keyword_overlap'],"['brand_missing', 'price_missing']",accept,1,score_above_threshold_not_invalid,Cable Belkin DuraTek Lightning a USB - Oro,Belkin MIXIT DuraTek Lightning to USB Cable - Lightning-kabel - Lightning USB 2.0 - 1.22 m,Belkin,,89000,
valid,valid_high_score_accepted,89817886#57141050,1,0.9854721432478976,valid,[],"['model_token_overlap', 'category_keyword_overlap']","['brand_missing', 'currency_missing_or_mismatch']",accept,1,score_above_threshold_not_invalid,Tissot Expert Solar Watch T0914204605101,Tissot T-Touch Expert Solar Men's Watch - T0914204605101,,Tissot,1150,960.00
train,valid_high_score_accepted,14128915#67646392,0,0.985225816071231,valid,[],['model_token_overlap'],"['brand_missing', 'currency_missing_or_mismatch']",accept,1,score_above_threshold_not_invalid,Shimano Dura-Ace CS-R9100 Cassette 11-speed,CS-R9100 CASSETTE 11-25 DURA-ACE 11-SPEED,,,22265,559.0
valid,invalid_high_score_rejected,96929485#53472089,0,1.0,invalid,['brand_conflict'],[],"['model_tokens_no_overlap', 'multiple_quantities_ambiguous', 'bundle_or_kit_mismatch', 'currency_missing_or_mismatch']",reject,0,symbolic_invalid_blocks,BỘ LƯU ĐIỆN UPS APC SURT20KRMXLI 20KVA,Mikrotik Cloud Core Router 1036-12G-4S-EM,APC,Mikrotik,205000000,80800
test,invalid_high_score_rejected,6175893#51848095,0,0.996576513311884,invalid,['model_token_conflict'],[],"['brand_missing', 'currency_missing_or_mismatch']",reject,0,symbolic_invalid_blocks,Đồng hồ Tissot T006.207.11.038.00,Tissot T109.410.11.033.00,,,18140000,20390
test,invalid_high_score_rejected,6175893#26986067,0,0.9944621164339682,invalid,['model_token_conflict'],[],"['brand_missing', 'currency_missing_or_mismatch']",reject,0,symbolic_invalid_blocks,Đồng hồ Tissot T006.207.11.038.00,Tissot Mens T-Sport V8 Swissmatic White Dial Bracelet Watch T106.407.11.031.01,,Tissot,18140000,351.00
test,invalid_high_score_rejected,66481726#35452020,0,0.992156025399696,invalid,['variant_modifier_conflict'],['color_match'],"['brand_missing', 'currency_missing_or_mismatch', 'category_keyword_mismatch']",reject,0,symbolic_invalid_blocks,iPhone SE Screen - Fix Kit / Black / New / Fix Kit / White / New / Part Only / Black / New / Part Only / White / New,iPhone 7 Plus Lightning Connector Assembly - Gray / New / Fix Kit / White / New / Fix Kit / Black / New / Fix Kit / Gray / New / Part Only / White / New / Part Only / Black / New / Part Only,,,44.99,44.99
test,invalid_high_score_rejected,6175893#55154351,0,0.9900528632829604,invalid,['model_token_conflict'],[],"['brand_missing', 'currency_missing_or_mismatch']",reject,0,symbolic_invalid_blocks,Đồng hồ Tissot T006.207.11.038.00,TISSOT EVERYTIME MEDIUM T109.410.11.033.00 (T109.410.11.033.00),,,18140000,260.00
test,invalid_high_score_rejected,6175893#64388647,0,0.9892335209744726,invalid,['model_token_conflict'],[],"['brand_missing', 'currency_missing_or_mismatch']",reject,0,symbolic_invalid_blocks,Đồng hồ Tissot T006.207.11.038.00,TISSOT T095.417.11.067.00 QUICKSTER,,,18140000,10530.00
valid,invalid_high_score_rejected,27584246#56852351,1,0.986784447146282,invalid,['model_token_conflict'],['category_keyword_overlap'],"['brand_missing', 'currency_missing_or_mismatch']",reject,0,symbolic_invalid_blocks,Kyocera toner TK-3100 (1T02MS0NL0),Kyocera TK-3100 Black Toner Cartridge,Kyocera,,104.90,96.73
test,invalid_high_score_rejected,45858702#66481726,0,0.9865264145967124,invalid,['quantity_conflict'],['color_match'],"['brand_missing', 'currency_missing_or_mismatch', 'category_keyword_mismatch']",reject,0,symbolic_invalid_blocks,iPhone 4S Screen - New / Fix Kit / Black / новое / New / Fix Kit / White / новое / New / Part Only / Black / новое / New / Part Only / White / новое,iPhone SE Screen - Fix Kit / Black / New / Fix Kit / White / New / Part Only / Black / New / Part Only / White / New,,,39.99,44.99
test,invalid_high_score_rejected,6189668#76350435,0,0.9859838417494527,invalid,['quantity_conflict'],[],"['brand_missing', 'currency_missing_or_mismatch', 'category_keyword_mismatch']",reject,0,symbolic_invalid_blocks,iPhone XR Screen - Fix Kit / New / Part Only / New,iPhone 6s Screen - New / Fix Kit / Black / Yeni / New / Fix Kit / White / Yeni / New / Part Only / Black / Yeni / New / Part Only / White / Yeni,,,109.99,59.99
test,invalid_high_score_rejected,35452020#75325202,0,0.984643273521233,invalid,['variant_modifier_conflict'],['color_match'],"['brand_missing', 'currency_missing_or_mismatch', 'category_keyword_mismatch']",reject,0,symbolic_invalid_blocks,iPhone 7 Plus Lightning Connector Assembly - Gray / New / Fix Kit / White / New / Fix Kit / Black / New / Fix Kit / Gray / New / Part Only / White / New / Part Only / Black / New / Part Only,iPhone SE Screen - Fix Kit / Black / 全新 / Fix Kit / White / 全新 / Part Only / Black / 全新 / Part Only / White / 全新,,,44.99,44.99
test,invalid_high_score_rejected,6189668#45858702,0,0.9844342807519773,invalid,['quantity_conflict'],[],"['brand_missing', 'currency_missing_or_mismatch', 'category_keyword_mismatch']",reject,0,symbolic_invalid_blocks,iPhone XR Screen - Fix Kit / New / Part Only / New,iPhone 4S Screen - New / Fix Kit / Black / новое / New / Fix Kit / White / новое / New / Part Only / Black / новое / New / Part Only / White / новое,,,109.99,39.99
test,invalid_high_score_rejected,74588061#6175893,0,0.9836606646198562,invalid,['model_token_conflict'],[],"['brand_missing', 'currency_missing_or_mismatch']",reject,0,symbolic_invalid_blocks,Tissot T048.417.27.057.00,Đồng hồ Tissot T006.207.11.038.00,,,15910.00,18140000
test,invalid_high_score_rejected,66481726#76350435,0,0.983635110892906,invalid,['quantity_conflict'],['color_match'],"['brand_missing', 'currency_missing_or_mismatch', 'category_keyword_mismatch']",reject,0,symbolic_invalid_blocks,iPhone SE Screen - Fix Kit / Black / New / Fix Kit / White / New / Part Only / Black / New / Part Only / White / New,iPhone 6s Screen - New / Fix Kit / Black / Yeni / New / Fix Kit / White / Yeni / New / Part Only / Black / Yeni / New / Part Only / White / Yeni,,,44.99,59.99
test,invalid_high_score_rejected,68464601#1547160,0,0.9832624512920772,invalid,['model_token_conflict'],[],"['brand_missing', 'currency_missing_or_mismatch']",reject,0,symbolic_invalid_blocks,Garmin STRIKER Plus 7sv with Transducer,Garmin Striker Plus 5cv Fishfinder with GT-20TM Transducer,,,499.99,399
test,invalid_high_score_rejected,25351062#66481726,0,0.982260337238618,invalid,['quantity_conflict'],['color_match'],"['brand_missing', 'currency_missing_or_mismatch', 'category_keyword_mismatch']",reject,0,symbolic_invalid_blocks,iPhone 4S Screen - New / Fix Kit / Black / Yeni / New / Fix Kit / White / Yeni / New / Part Only / Black / Yeni / New / Part Only / White / Yeni,iPhone SE Screen - Fix Kit / Black / New / Fix Kit / White / New / Part Only / Black / New / Part Only / White / New,,,39.99,44.99
valid,invalid_high_score_rejected,53299737#65414283,1,0.982199037119051,invalid,['quantity_conflict'],['color_match'],"['brand_missing', 'currency_missing_or_mismatch']",reject,0,symbolic_invalid_blocks,"Johnnie Walker Blue Label Premium Scotch Whisky 40% vol. 0,7l",Johnnie Walker Blue Label Whisky 700ml,,,155.82,249.99
train,invalid_high_score_rejected,61023022#23384019,1,0.9803179938987168,invalid,['model_token_conflict'],['category_keyword_overlap'],"['brand_missing', 'currency_missing_or_mismatch']",reject,0,symbolic_invalid_blocks,Mixer video Blackmagic ATEM Production Studio 4K Video Switcher,Blackmagic ATEM Production Studio 4K,,,1445,1.629E5
test,invalid_high_score_rejected,6189668#25351062,0,0.9801530338639132,invalid,['quantity_conflict'],[],"['brand_missing', 'currency_missing_or_mismatch', 'category_keyword_mismatch']",reject,0,symbolic_invalid_blocks,iPhone XR Screen - Fix Kit / New / Part Only / New,iPhone 4S Screen - New / Fix Kit / Black / Yeni / New / Fix Kit / White / Yeni / New / Part Only / Black / Yeni / New / Part Only / White / Yeni,,,109.99,39.99
test,invalid_high_score_rejected,12722049#13640797,1,0.9798335314978656,invalid,['variant_modifier_conflict'],['category_keyword_overlap'],"['brand_missing', 'model_tokens_no_overlap', 'currency_missing_or_mismatch']",reject,0,symbolic_invalid_blocks,Autel Robotics EVO II 6K Gimbal Camera,"Autel Robotics EVO II Pro Gimbal Camera 1\"" 6K Camera for EVO 2 Drones, In Stock",,,8.79E2,6.95E2
test,invalid_high_score_rejected,56698149#18510686,0,0.9792200756464786,invalid,['variant_modifier_conflict'],[],"['brand_missing', 'currency_missing_or_mismatch']",reject,0,symbolic_invalid_blocks,Epson Ultra Glossy Photo Paper,Epson A4 Glossy Photo Paper 20 Sheets,Epson,,2150,9.96
test,invalid_high_score_rejected,28797890#28797891,0,0.9791306324748912,invalid,['quantity_conflict'],"['brand_match', 'model_token_overlap']",['currency_missing_or_mismatch'],reject,0,symbolic_invalid_blocks,Shimano BR-M8120 XT 4-Piston Disc Brakes - Rear Brake (1700mm),Shimano BR-M8120 XT 4-Piston Disc Brakes - Front Brake (1000mm),Shimano,Shimano,209.99,209.99
test,invalid_high_score_rejected,88943801#66481726,0,0.978867827191914,invalid,['quantity_conflict'],['color_match'],"['brand_missing', 'currency_missing_or_mismatch', 'category_keyword_mismatch']",reject,0,symbolic_invalid_blocks,iPhone 6s Screen - New / Fix Kit / Black / Neu / New / Fix Kit / White / Neu / New / Part Only / Black / Neu / New / Part Only / White / Neu,iPhone SE Screen - Fix Kit / Black / New / Fix Kit / White / New / Part Only / Black / New / Part Only / White / New,,,59.99,44.99
test,invalid_high_score_rejected,85035598#37728852,0,0.9788487709476243,invalid,['model_token_conflict'],[],"['brand_missing', 'multiple_quantities_ambiguous', 'bundle_or_kit_mismatch', 'currency_missing_or_mismatch']",reject,0,symbolic_invalid_blocks,Fisher & Paykel WH8060J3 8kg Front Load Washing Machine,Fisher & Paykel 10kg Front Load Washing Machine,Fisher & Paykel,,799,1298
test,invalid_high_score_rejected,88943801#6189668,0,0.9788188110952428,invalid,['quantity_conflict'],[],"['brand_missing', 'currency_missing_or_mismatch', 'category_keyword_mismatch']",reject,0,symbolic_invalid_blocks,iPhone 6s Screen - New / Fix Kit / Black / Neu / New / Fix Kit / White / Neu / New / Part Only / Black / Neu / New / Part Only / White / Neu,iPhone XR Screen - Fix Kit / New / Part Only / New,,,59.99,109.99
valid,invalid_high_score_rejected,17212553#62172007,0,0.9787983226264116,invalid,['model_token_conflict'],['brand_match'],['currency_missing_or_mismatch'],reject,0,symbolic_invalid_blocks,Corsair ML Series ML120 PRO LED Premium Magnetic Levitation,Corsair ML Series ML140 PRO LED Premium Magnetic Levitation,Corsair,Corsair,265,284
test,invalid_high_score_rejected,88943801#35452020,0,0.978427161753343,invalid,['variant_modifier_conflict'],['color_match'],"['brand_missing', 'currency_missing_or_mismatch', 'category_keyword_mismatch']",reject,0,symbolic_invalid_blocks,iPhone 6s Screen - New / Fix Kit / Black / Neu / New / Fix Kit / White / Neu / New / Part Only / Black / Neu / New / Part Only / White / Neu,iPhone 7 Plus Lightning Connector Assembly - Gray / New / Fix Kit / White / New / Fix Kit / Black / New / Fix Kit / Gray / New / Part Only / White / New / Part Only / Black / New / Part Only,,,59.99,44.99
test,invalid_high_score_rejected,56698149#65979382,0,0.9779066213078014,invalid,['variant_modifier_conflict'],[],"['brand_missing', 'bundle_or_kit_mismatch', 'currency_missing_or_mismatch']",reject,0,symbolic_invalid_blocks,Epson Ultra Glossy Photo Paper,Epson Premium Glossy Photo A4 Paper (Pack of 50) C13S041624,Epson,,2150,36.11
test,invalid_high_score_rejected,25351062#35452020,0,0.9775258592308296,invalid,['variant_modifier_conflict'],['color_match'],"['brand_missing', 'currency_missing_or_mismatch', 'category_keyword_mismatch']",reject,0,symbolic_invalid_blocks,iPhone 4S Screen - New / Fix Kit / Black / Yeni / New / Fix Kit / White / Yeni / New / Part Only / Black / Yeni / New / Part Only / White / Yeni,iPhone 7 Plus Lightning Connector Assembly - Gray / New / Fix Kit / White / New / Fix Kit / Black / New / Fix Kit / Gray / New / Part Only / White / New / Part Only / Black / New / Part Only,,,39.99,44.99
test,invalid_high_score_rejected,35452020#45858702,0,0.9767914712158436,invalid,['variant_modifier_conflict'],['color_match'],"['brand_missing', 'currency_missing_or_mismatch', 'category_keyword_mismatch']",reject,0,symbolic_invalid_blocks,iPhone 7 Plus Lightning Connector Assembly - Gray / New / Fix Kit / White / New / Fix Kit / Black / New / Fix Kit / Gray / New / Part Only / White / New / Part Only / Black / New / Part Only,iPhone 4S Screen - New / Fix Kit / Black / новое / New / Fix Kit / White / новое / New / Part Only / Black / новое / New / Part Only / White / новое,,,44.99,39.99
test,invalid_high_score_rejected,75325202#25351062,0,0.9760138941464076,invalid,['quantity_conflict'],['color_match'],"['brand_missing', 'currency_missing_or_mismatch', 'category_keyword_mismatch']",reject,0,symbolic_invalid_blocks,iPhone SE Screen - Fix Kit / Black / 全新 / Fix Kit / White / 全新 / Part Only / Black / 全新 / Part Only / White / 全新,iPhone 4S Screen - New / Fix Kit / Black / Yeni / New / Fix Kit / White / Yeni / New / Part Only / Black / Yeni / New / Part Only / White / Yeni,,,44.99,39.99
