split,error_type,pair_id,label,neural_score,neural_pred,left_title,right_title,left_brand,right_brand,left_price,right_price,title_similarity
valid,false_positive,29521578#96929485,0,1.0,1,"APC SMART-UPS EXTERNAL BATTERY (RT SERIES), 192V (FOR SURT15KRMXLI & SURT20KRMXLI)",BỘ LƯU ĐIỆN UPS APC SURT20KRMXLI 20KVA,,APC,4206.7,205000000,0.41666666666666663
valid,false_positive,78253269#96929485,0,1.0,1,Ladies Daniel Wellington Sheffield Rose 36mm Watch DW00100036,BỘ LƯU ĐIỆN UPS APC SURT20KRMXLI 20KVA,,APC,149.00,205000000,0.18181818181818188
valid,false_positive,96929485#90174187,0,1.0,1,BỘ LƯU ĐIỆN UPS APC SURT20KRMXLI 20KVA,APC Smart-UPS SRT 10000VA 230V,APC,,205000000,10630.6,0.4705882352941177
valid,false_positive,96929485#53472089,0,1.0,1,BỘ LƯU ĐIỆN UPS APC SURT20KRMXLI 20KVA,Mikrotik Cloud Core Router 1036-12G-4S-EM,APC,Mikrotik,205000000,80800,0.17721518987341767
test,false_positive,6175893#51848095,0,0.9965765133118839,1,Đồng hồ Tissot T006.207.11.038.00,Tissot T109.410.11.033.00,,,18140000,20390,0.689655172413793
test,false_positive,6175893#26986067,0,0.9944621164339682,1,Đồng hồ Tissot T006.207.11.038.00,Tissot Mens T-Sport V8 Swissmatic White Dial Bracelet Watch T106.407.11.031.01,,Tissot,18140000,351.00,0.4324324324324324
test,false_positive,56698149#45220776,0,0.9924204348548196,1,Epson Ultra Glossy Photo Paper,"EPSON S041944 ultra glossy photo paper 300g/m², 13x18cm/50vel",Epson,,2150,,0.4835164835164835
test,false_positive,66481726#35452020,0,0.992156025399696,1,iPhone SE Screen - Fix Kit / Black / New / Fix Kit / White / New / Part Only / Black / New / Part Only / White / New,iPhone 7 Plus Lightning Connector Assembly - Gray / New / Fix Kit / White / New / Fix Kit / Black / New / Fix Kit / Gray / New / Part Only / White / New / Part Only / Black / New / Part Only,,,44.99,44.99,0.8979591836734694
test,false_positive,6175893#55154351,0,0.9900528632829603,1,Đồng hồ Tissot T006.207.11.038.00,TISSOT EVERYTIME MEDIUM T109.410.11.033.00 (T109.410.11.033.00),,,18140000,260.00,0.35416666666666674
test,false_positive,6175893#64388647,0,0.9892335209744726,1,Đồng hồ Tissot T006.207.11.038.00,TISSOT T095.417.11.067.00 QUICKSTER,,,18140000,10530.00,0.411764705882353
test,false_positive,56159566#29009865,0,0.9889600346120624,1,Tissot Mens T-Race Cycling Dark Blue Watch T111.417.37.441.06,Tissot T111.417.37.441.05 T-Race Cycling Chronograph Black PVD 44mm,Tissot,,385.95,11820000,0.71875
test,false_positive,24931990#29009865,0,0.9880911398768218,1,Tissot T-Race Chronograph Cycling Chronograph,Tissot T111.417.37.441.05 T-Race Cycling Chronograph Black PVD 44mm,,,6.75E2,11820000,1.0
test,false_positive,4395083#68021989,0,0.9874603493453025,1,DJI Mavic 2 Enterprise Dual,DJI Mavic 2 Enterprise (Zoom) w/ Smart Controller and DJI Enterprise Shield Basic,,,999999,2.995E3,0.8979591836734694
test,false_positive,29009865#7185118,0,0.9867871546181628,1,Tissot T111.417.37.441.05 T-Race Cycling Chronograph Black PVD 44mm,Tissot T-Race Cycling T111.417.27.441.00,,,11820000,433.78,0.7102803738317758
test,false_positive,45858702#66481726,0,0.9865264145967125,1,iPhone 4S Screen - New / Fix Kit / Black / новое / New / Fix Kit / White / новое / New / Part Only / Black / новое / New / Part Only / White / новое,iPhone SE Screen - Fix Kit / Black / New / Fix Kit / White / New / Part Only / Black / New / Part Only / White / New,,,39.99,44.99,0.9714285714285714
test,false_positive,77900148#32297124,0,0.9859881453922281,1,Dutch Doobadoo - Dutch Card Art - Apple,Dutch Doobadoo - Dutch Card Art - Sneeuwbol,,,4.75,4.75,0.8928571428571429
test,false_positive,6189668#76350435,0,0.9859838417494529,1,iPhone XR Screen - Fix Kit / New / Part Only / New,iPhone 6s Screen - New / Fix Kit / Black / Yeni / New / Fix Kit / White / Yeni / New / Part Only / Black / Yeni / New / Part Only / White / Yeni,,,109.99,59.99,0.9629629629629629
test,false_positive,30058882#4395083,0,0.9853527143881532,1,DJI Mavic 2 Enterprise Dual with Shield Protection or Smart Controller,DJI Mavic 2 Enterprise Dual,DJI,,3350.00,999999,1.0
train,false_positive,14128915#67646392,0,0.985225816071231,1,Shimano Dura-Ace CS-R9100 Cassette 11-speed,CS-R9100 CASSETTE 11-25 DURA-ACE 11-SPEED,,,22265,559.0,0.42857142857142855
train,false_positive,31276154#14128915,0,0.9852203686151996,1,Shimano Shimano Cs-R9100 Cassette 11-25 Dura-Ace 11-Speed,Shimano Dura-Ace CS-R9100 Cassette 11-speed,Shimano,,339.99,22265,0.8913043478260869
test,false_positive,35452020#75325202,0,0.984643273521233,1,iPhone 7 Plus Lightning Connector Assembly - Gray / New / Fix Kit / White / New / Fix Kit / Black / New / Fix Kit / Gray / New / Part Only / White / New / Part Only / Black / New / Part Only,iPhone SE Screen - Fix Kit / Black / 全新 / Fix Kit / White / 全新 / Part Only / Black / 全新 / Part Only / White / 全新,,,44.99,44.99,0.8602150537634408
test,false_positive,6189668#45858702,0,0.9844342807519773,1,iPhone XR Screen - Fix Kit / New / Part Only / New,iPhone 4S Screen - New / Fix Kit / Black / новое / New / Fix Kit / White / новое / New / Part Only / Black / новое / New / Part Only / White / новое,,,109.99,39.99,0.9629629629629629
test,false_positive,74588061#6175893,0,0.9836606646198562,1,Tissot T048.417.27.057.00,Đồng hồ Tissot T006.207.11.038.00,,,15910.00,18140000,0.5862068965517241
test,false_positive,66481726#76350435,0,0.9836351108929061,1,iPhone SE Screen - Fix Kit / Black / New / Fix Kit / White / New / Part Only / Black / New / Part Only / White / New,iPhone 6s Screen - New / Fix Kit / Black / Yeni / New / Fix Kit / White / Yeni / New / Part Only / Black / Yeni / New / Part Only / White / Yeni,,,44.99,59.99,0.9714285714285714
test,false_positive,68464601#1547160,0,0.9832624512920773,1,Garmin STRIKER Plus 7sv with Transducer,Garmin Striker Plus 5cv Fishfinder with GT-20TM Transducer,,,499.99,399,0.8181818181818181
test,false_positive,90494765#29009865,0,0.9832386010143552,1,Tissot T111.417.37.441.04 T-Race Cycling (Choose free two-day shipping at checkout),Tissot T111.417.37.441.05 T-Race Cycling Chronograph Black PVD 44mm,,,4.95E2,11820000,0.5866666666666667
valid,false_positive,83455425#35724064,0,0.9823898160223036,1,Ubiquiti UVC-G3-FLEX UniFi Video Flex Manually Adjustable 1080p PoE Indoor/Outdoor IP Camera (3 Pack),Ubiquiti UVC-G3-FLEX UniFI IP Dome Camera,UBIQUITI,,195.91,$‎147.95,0.8450704225352113
test,false_positive,25351062#66481726,0,0.982260337238618,1,iPhone 4S Screen - New / Fix Kit / Black / Yeni / New / Fix Kit / White / Yeni / New / Part Only / Black / Yeni / New / Part Only / White / Yeni,iPhone SE Screen - Fix Kit / Black / New / Fix Kit / White / New / Part Only / Black / New / Part Only / White / New,,,39.99,44.99,0.9714285714285714
test,false_positive,37696616#18510686,0,0.9821737200727998,1,Epson Premium Glossy Photo Paper - A4 - 20 Sheets,Epson A4 Glossy Photo Paper 20 Sheets,,,19.80,9.96,1.0
valid,false_positive,61976083#45988376,0,0.9818504001530656,1,Brother HL-L6200DW Wireless High Speed Mono Laser Printer - Duplex Printer,BROTHER MFC-L2710DW COMPACT LASER ALL-IN-ONE WITH DUPLEX PRINTING WITH WIRELESS NETWORKING - COPIER/FAX/PRINTER/SCANNER - 32 PPM MONO PRINT - 2400 X 600 DPI PRINT - AUTOMATIC DUPLEX PRINT - 1200 DPI OPTICAL SCAN - 250 SHEETS INPUT - ETHERNET - WIRELE,,,529.00,$249.99,0.18248175182481746
test,false_positive,24457389#52120879,0,0.981751817728926,1,Sharp Toner Cyan 15k - MX-2640,Sharp Toner Cyan 15k - MX2300/2700,Sharp,Sharp,1295,1395,0.8461538461538461
valid,false_positive,63386383#88950114,0,0.9809379599895609,1,Fujifilm XF-56mm f1.2 APD,Fujifilm XF-56mm f1.2 R,,Fujifilm,999.00,879.49,0.9545454545454546
test,false_positive,6189668#25351062,0,0.9801530338639133,1,iPhone XR Screen - Fix Kit / New / Part Only / New,iPhone 4S Screen - New / Fix Kit / Black / Yeni / New / Fix Kit / White / Yeni / New / Part Only / Black / Yeni / New / Part Only / White / Yeni,,,109.99,39.99,0.9629629629629629
test,false_positive,56698149#18510686,0,0.9792200756464786,1,Epson Ultra Glossy Photo Paper,Epson A4 Glossy Photo Paper 20 Sheets,Epson,,2150,9.96,0.8888888888888888
test,false_positive,63634340#30137322,0,0.9792043004740479,1,"Zebra Black Monochrome Ribbon - K - 1,000 prints","Zebra Gold Monochrome Ribbon - 1,000 prints",zebra,zebra,,,0.9382716049382717
test,false_positive,28797890#28797891,0,0.9791306324748913,1,Shimano BR-M8120 XT 4-Piston Disc Brakes - Rear Brake (1700mm),Shimano BR-M8120 XT 4-Piston Disc Brakes - Front Brake (1000mm),Shimano,Shimano,209.99,209.99,0.9279999999999999
test,false_positive,88943801#66481726,0,0.9788678271919141,1,iPhone 6s Screen - New / Fix Kit / Black / Neu / New / Fix Kit / White / Neu / New / Part Only / Black / Neu / New / Part Only / White / Neu,iPhone SE Screen - Fix Kit / Black / New / Fix Kit / White / New / Part Only / Black / New / Part Only / White / New,,,59.99,44.99,0.9714285714285714
test,false_positive,85035598#37728852,0,0.9788487709476243,1,Fisher & Paykel WH8060J3 8kg Front Load Washing Machine,Fisher & Paykel 10kg Front Load Washing Machine,Fisher & Paykel,,799,1298,0.9438202247191012
test,false_positive,88943801#6189668,0,0.9788188110952429,1,iPhone 6s Screen - New / Fix Kit / Black / Neu / New / Fix Kit / White / Neu / New / Part Only / Black / Neu / New / Part Only / White / Neu,iPhone XR Screen - Fix Kit / New / Part Only / New,,,59.99,109.99,0.9629629629629629
valid,false_positive,17212553#62172007,0,0.9787983226264116,1,Corsair ML Series ML120 PRO LED Premium Magnetic Levitation,Corsair ML Series ML140 PRO LED Premium Magnetic Levitation,Corsair,Corsair,265,284,0.9830508474576272
test,false_positive,88943801#35452020,0,0.978427161753343,1,iPhone 6s Screen - New / Fix Kit / Black / Neu / New / Fix Kit / White / Neu / New / Part Only / Black / Neu / New / Part Only / White / Neu,iPhone 7 Plus Lightning Connector Assembly - Gray / New / Fix Kit / White / New / Fix Kit / Black / New / Fix Kit / Gray / New / Part Only / White / New / Part Only / Black / New / Part Only,,,59.99,44.99,0.8627450980392157
test,false_positive,56698149#65979382,0,0.9779066213078014,1,Epson Ultra Glossy Photo Paper,Epson Premium Glossy Photo A4 Paper (Pack of 50) C13S041624,Epson,,2150,36.11,0.8888888888888888
test,false_positive,25351062#35452020,0,0.9775258592308296,1,iPhone 4S Screen - New / Fix Kit / Black / Yeni / New / Fix Kit / White / Yeni / New / Part Only / Black / Yeni / New / Part Only / White / Yeni,iPhone 7 Plus Lightning Connector Assembly - Gray / New / Fix Kit / White / New / Fix Kit / Black / New / Fix Kit / Gray / New / Part Only / White / New / Part Only / Black / New / Part Only,,,39.99,44.99,0.854368932038835
test,false_positive,35452020#45858702,0,0.9767914712158435,1,iPhone 7 Plus Lightning Connector Assembly - Gray / New / Fix Kit / White / New / Fix Kit / Black / New / Fix Kit / Gray / New / Part Only / White / New / Part Only / Black / New / Part Only,iPhone 4S Screen - New / Fix Kit / Black / новое / New / Fix Kit / White / новое / New / Part Only / Black / новое / New / Part Only / White / новое,,,44.99,39.99,0.8461538461538461
test,false_positive,75325202#25351062,0,0.9760138941464076,1,iPhone SE Screen - Fix Kit / Black / 全新 / Fix Kit / White / 全新 / Part Only / Black / 全新 / Part Only / White / 全新,iPhone 4S Screen - New / Fix Kit / Black / Yeni / New / Fix Kit / White / Yeni / New / Part Only / Black / Yeni / New / Part Only / White / Yeni,,,44.99,39.99,0.94
test,false_positive,56774153#60071236,0,0.975879648478435,1,"Card Art Card Baby romper, Dutch Doobadoo 470.713.595",Dutch Doobadoo Card Art 3733 Snowdome,,,2.75,3.15,0.7666666666666667
valid,false_positive,79599413#55369895,0,0.975729759010974,1,"EPSON Multipack fr EPSON Stylus Photo R200 / R300 Inhalt: je 1x light cyan, cyan, light magenta, magenta, gelb, schwarz (neu: C13T04874010 / alt: C13T048140A0) R220 / R320 / R340 / RX500 / RX600 / RX620 / RX640",Epson STYLUS PHOTO R3000 BLACK INK,EPSON,,99.41,24.81,0.1576354679802955
test,false_positive,35452020#76350435,0,0.9755459278505572,1,iPhone 7 Plus Lightning Connector Assembly - Gray / New / Fix Kit / White / New / Fix Kit / Black / New / Fix Kit / Gray / New / Part Only / White / New / Part Only / Black / New / Part Only,iPhone 6s Screen - New / Fix Kit / Black / Yeni / New / Fix Kit / White / Yeni / New / Part Only / Black / Yeni / New / Part Only / White / Yeni,,,44.99,59.99,0.854368932038835
train,false_positive,98586705#25435848,0,0.975336973970805,1,Apple 60W MagSafe 2 Power Adapter Macbook 60w Magsafe2 Power Adapter,APPLE APPLE 60W MAGSAFE POWER ADAPTER,,APPLE,79.0000,1049.00,0.2823529411764706
valid,false_positive,76444235#81158427,0,0.9753039815511525,1,"HDD: 8 Tb (3.5\"") 7200 Seagate IronWolf Pro SATA III 256Mb (ST8000NE001)","HDD: 16 Tb (3.5\"") 7200 Seagate IronWolf Pro SATA III 256Mb",Seagate,Seagate,,,0.9739130434782609
train,false_negative,30642803#60611010,1,0.029214474410930814,0,Light Light Black T596900 UltraChrome HDR 350 ml,Epson GF Stylus Photo 7900/9900 Cartucho Gris Claro,,,"577,97 zł netto",156.71073,0.27956989247311825
valid,false_negative,90381969#66536513,1,0.036119082033977526,0,Canon EF-S 18-200mm f3.5-5.6 IS Lens,Ilford FP4 125 Film 120,,Ilford,699.99,7.99,0.30508474576271183
test,false_negative,25890087#2202474,1,0.047799346990588985,0,Canon EOS RP Mirrorless Digital Camera with 24-240mm Lens,Shimano Di2 EW-SD50 E-Tube Wire (500mm),CANON,Shimano,0.0,25.99,0.3125
test,false_negative,42244827#46966734,1,0.05125838963825769,0,CCW-5C Crank Bolt Bike Wrench,Park Tool CCW-5 Kurbelschraubenschlüssel,,Park Tool,1.195E1,12.99,0.34782608695652173
train,false_negative,67977820#44240169,1,0.058533838488600935,0,Canon CLI251XL High Yield Black Inkjet Cartridge Remanufactured,Canon CNM6448B001-6448B001 CLI-251XL ChromaLife100 High-Yield Ink,,Canon,6.95,19.99,0.453125
train,false_negative,86779035#3719213,1,0.06055141088459254,0,Ilford FP4+ 125 B&W 120 Film,Canon EF-S 18-200mm f/3.5-5.6 IS Lens,,Canon,5.99,,0.27692307692307694
train,false_negative,13891853#94260392,1,0.06592517035847895,0,Originali CANON Pg-40 + Cl-41 Pixma IP1200 IP1600 IP2200 IP1700 IP1900 IP1300,Original Ink Cartridge (pack of 2) Canon PG-40/CL41 Tricolour Black,,,48.4,5.92E1,0.3194444444444444
train,false_negative,19193587#34370737,1,0.06826136245342948,0,Cisco WS-C2960-48TT-L 48-Port Managed Ethernet Switch,Catalyst 2960 48 10/100 Ports + 2 1000BT LAN Base Image,,CISCO,25.00,€ 5313.02,0.24074074074074076
train,false_negative,74177033#22846600,1,0.06909073236613686,0,"SanDisk Ultra SDDD3-256G-G46 256 GB Pen Drives (Black, Silver)",SanDisk Ultra Dual Drive m3.0 256GB Grey & Silver,,SANDISK,4224.4,280.14,0.6126126126126126
train,false_negative,23819108#62941900,1,0.10704464558277738,0,Tag Heuer - F1 Chronograph Quartz on Rubber Strap,Formula 1 Musta/Kumi Ø43 mm ref. CAZ1010.FT8024,Tag Heuer,,1095.00,1139,0.27083333333333326
train,false_negative,36439966#15478999,1,0.11079820851121679,0,"Samsung 860 PRO SSD - Zwart, Rood","Samsung MZ-76P1T0 2.5\"" 1000 GB Serial ATA III V-NAND MLC",,,2.8556E2,339.99,0.35
test,false_negative,1875778#95428009,1,0.11612411490978715,0,"SunRace MFE60 Srew-On Cassette 8-speed, chrom",kolečko 8 13-32z SunRace index pro e-bike,SunRace,,29.99,574.00,0.4186046511627907
test,false_negative,15251180#2936385,1,0.1184035130232575,0,Kingston 16GB PC4-21300 288-pin DDR4 SDRAM UDIMM,"16GB HyperX Predator DDR4 2666MHz, CL13, Black, DIMM Memory",,,225.37,74.17,0.3925233644859813
valid,false_negative,12097009#37728130,1,0.11869334434271794,0,PowerLink Gold Chain Connector 9-speed,"SRAM Power Lock Silver 9 Speed, 4Pcs",,SRAM,4.99,1190.0,0.32432432432432434
train,false_negative,3719213#40039860,1,0.11925705041894734,0,Canon EF-S 18-200mm f/3.5-5.6 IS Lens,"3 X Ilford FP4 Plus, Black and White Print Film, 120 (6 cm), ISO 125 (1678169)",Canon,,,9.0E0,0.26086956521739124
valid,false_negative,85522935#35335928,1,0.12021919469287151,0,TP-Link TL-WA850RE biely (TL-WA850RE),TP-Link 300Mbps Wireless Range Extender,,TP-Link,22.90,16.95,0.4210526315789474
test,false_negative,39820474#57886904,1,0.12509024916250447,0,Transcend SSD230 256GB best price,Ssd 230s 2.5in Sata 6gb/s 256gb,,,3.315E1,43.475188,0.375
train,false_negative,94445678#94260392,1,0.13212014413579817,0,Canon PG-40 / CL-41 Multi pack,Original Ink Cartridge (pack of 2) Canon PG-40/CL41 Tricolour Black,,,31.46,5.92E1,0.3917525773195877
train,false_negative,51583866#29412990,1,0.13686092486039755,0,LaCie 4TB USBC USB 3.0 Aluminum enclosure MoonSilver,LaCie Mobile Drive USB-C Moon Silver 4To disque dur,,,2550.00,142.90,0.5825242718446603
test,false_negative,83260638#40639947,1,0.13803320858257248,0,9000 Series 8kg Heat Pump Dryer,AEG 8kg Front Load Dryer,,,2599.00,2799,0.5454545454545454
train,false_negative,79825671#53034540,1,0.13812994100277634,0,Toner Original Canon Amarelo (2659B002AA),Originlny toner CANON CRG-718 Y (lt),,Znaka: Originlne,114.47,95.9,0.4935064935064935
valid,false_negative,47959304#96565508,1,0.1443682391569724,0,Epson C13T865140 WF-51xx/56xx Cartridge XXL Mono,"Original Tinte Epson T8651, ca. 10.000 S., schwarz",,Epson,549,94.46,0.3469387755102041
valid,false_negative,52075948#36782025,1,0.1457967813162521,0,INK JET ORIGINALE NERO PER EPSON C13T70314010 - WP-4515DN / WP-4525DNF / WP-4535DWF / WP-4545DTWF / WP-4015DN,Epson Black Inkjet Cartridge. For use in WP4000/4500 machines. Page Yield - up to 1200 pages. OEM Ref - T703140. (Big Ben) EP49005,,Epson,,28.68,0.25108225108225113
train,false_negative,79475473#51670079,1,0.1485559561158354,0,TURBO HD DVRDS-7216HQHI-K1 1080P,Hikvision 16CH Turbo Full HD1080P DVR,,,610000,450,0.318840579710145
valid,false_negative,66291779#22886486,1,0.15554012660266012,0,Switch 8 puertos 10 100 1000,Switch TL-SG1008 8 porturi,,Tp-link,"51,73€",152.99 Lei;,0.5925925925925926
test,false_negative,83052078#57297547,1,0.15662240967927563,0,Ray-Ban Sunglass - Round Style Light Havana Tortoise frame with Gradient Brown Lens - RB4184 710/83,Ray Ban N/a 4184 Sunglasses,,,8.999E1,179.0,0.3548387096774194
train,false_negative,9293181#21625512,1,0.16153852583134543,0,"Netgear 52p GS748T-500EUS (48x10/100/1000Mbit 2xSFP,Combo)",48-Port Gigabit Smart Switch,,,1129,,0.25581395348837205
test,false_negative,93784937#40002118,1,0.16460230290388198,0,"25 Rounds of 12ga 2-3/4\"" Ammo by Winchester AA Lite Handicap - 1 ounce #7 1/2 shot","Winchester AA Super Handicap 12 Gauge 2 3/4"" 1Oz #7.5 Ammunition AAHLA127",,,10.5,12.09,0.641025641025641
train,false_negative,40397686#21576898,1,0.16769820937016722,0,MVK500AM Tripod with fluid video head Lightweight with Side Lock,Manfrotto Stativ Video Set MVH500A + MVT502AM + Tasche,,Manfrotto,349.00,456.23,0.3783783783783784
valid,false_negative,29301320#91421555,1,0.17078660327203796,0,FLUID VIDEO SYSTEM MVH500A HEAD WITH MVT502AM TRIPOD,Manfrotto MVK500AM Tripod Kit Alum Twin Leg,,,9.789995999999999E2,661.1,0.31578947368421056
train,false_negative,95198922#91626577,1,0.1723762065484354,0,Daddario Regular Gauge Long Scale Bass,"D'Addario EXL160 Nickel Wound Bass Medium, 50-105",,,19.99,19.99,0.45977011494252873
valid,false_negative,13760497#98077329,1,0.17595551554511868,0,WD RED 2.5 1TB SATA3 NAS (MB),Western Digital Red 1TB 16MB SATA III (WD10JFCX),,Western Digital,"118,89 €",,0.4675324675324676
valid,false_negative,62832612#20999528,1,0.17608203090086993,0,Formula 1 Svart/Gummi Ø43 mm ref. CAZ1010.FT8024,TAG Heuer Formula 1 Men's Black Rubber Strap Watch,,,11495,1150,0.3265306122448979
train,false_negative,48509935#20910428,1,0.17668816011479074,0,Shimano MT800 Hollowtech II Bottom Bracket,Butuc pedalier Shimano Deore XT BB-MT800,,,,100.00,0.4146341463414634
test,false_negative,19743674#76478929,1,0.18160079648849162,0,Pacsafe - Venturesafe X12 Backpack - Daypack - Black | 12 l,"Venturesafe X12 Rucksack 13″ Polyester, Nylon schwarz",,Pacsafe,6.967E1,76.65,0.5185185185185186
test,false_negative,19121174#20353680,1,0.18248637131082743,0,Genuine Brother LC223VALBP Ink Cartridge Multipack,Brother Value Pack (Lc-223 Bk/C/M/Y),,,66.01,6.12E1,0.3953488372093023
valid,false_negative,37590384#28161805,1,0.1828258445277127,0,Genuine Epson C13T636800 Matte Black High Capacity Ink Cartridge (T6368MBKHOEM),Epson Blekk Matt Svart Ultrachrome HDR - PRO 7900,Epson,Epson,275.99,3195,0.328125
valid,false_negative,76514695#84262325,1,0.18536283923825592,0,Originln toner CANON CRG-707 C (Azurov),CANON 707 (LBP-5000) Cyan,Znaka: Originln,,2099,,0.4375
train,false_negative,22106476#51583866,1,0.1856942791304367,0,LaCie Mobile Drive STHG4000400 - hard drive - 4 TB - USB 3.1 Gen 2,LaCie 4TB USBC USB 3.0 Aluminum enclosure MoonSilver,,,134.99,2550.00,0.5087719298245613
train,false_negative,80394711#26140067,1,0.18931922128178932,0,"Corsair Vengeance 16GB RAM 2 X 8GB, DDR4, 3200MHz 16GB 2 x 288 DIMM, Unbuffered, 16-18-18-36, LPX Black Heat spreader, 1.35V",Corsair 2x8GB DDR4 3200MHz CL16 Vengeance LPX RAM (CMK16GX4M2B3200C16) (Limited Lifetime with Local Distributor Convergent),,,1.4899E2,115.00,0.5166666666666666
train,false_negative,46774987#39801058,1,0.19134082227290652,0,Logitech B100 Optical USB Mouse (Black),Wired Mouse Desktop 3-Button Black,,,5.47E0,11.79,0.410958904109589
test,false_negative,29107458#58547777,1,0.1963898190114357,0,AEG 8kg Heat Pump Dryer with AbsoluteCare System,AEG 8kg Front Load Dyer,,,1599,2099,0.4666666666666666
test,false_negative,24936536#2174287,1,0.20206807579800454,0,EPSON ink čer Singlepack UltraChrome XD2 Black T40C140(50ml),Epson T40C1 Patron Bk 50ml (Eredeti),Epson,,49,19966,0.27083333333333326
valid,false_negative,3789182#32182477,1,0.20251829545383418,0,Originlny toner XEROX 106R01634 (ierny),Xerox Phaser 6000/ 6010 Black print cartridge,Znaka: Originlne,,66.9,162.00,0.2857142857142857
valid,false_negative,17212553#48406238,1,0.2061119499534668,0,Corsair ML Series ML120 PRO LED Premium Magnetic Levitation,Cooler Master Corsair ML120 PRO LED Red 120mm Fan CO-9050042-WW,Corsair,Cooler Master,265,44.99,0.525
train,false_negative,73834318#54722600,1,0.2123356130975841,0,Canon PGI29 Light Grey Lucia Ink,Tinteiro Original Canon PGI-29 Cinzento Claro (4872B001),,,24.52,27.37,0.4318181818181818
test,false_negative,26995615#71622657,1,0.21266902390687742,0,Uni Posca Marker PC-5M 1.8-2.5MM Ivory,Posca Paint Markers - Medium Bullet,,,19.81,5.36,0.5205479452054794
valid,false_negative,69951577#11601332,1,0.21288460784516725,0,Originlny toner Brother TN-135 lt,Brother TN-135Y Laserkasetti yellow,Znaka: Originlne,,150.9,"138,71 €",0.5882352941176471
test,false_negative,603915#45998287,1,0.21311843097708053,0,"55"" Class TU7000 Crystal UHD 4K Smart TV (2020)",55 IN FLAT LED 4K TV,,,438.96,699.99,0.4
test,false_negative,35983151#1690889,1,0.21336310694474145,0,"Galaxy A51 Dual SIM (4/128GB, schwarz) - EU Modell",Smartphone Samsung Galaxy A51 4GB 128GB Preto,,,315.00,265.82,0.5052631578947369
valid,true_positive,35589885#96929485,1,1.0,1,"APC Smart-UPS RT - USV - 19\""-Rack montierbar - 230 V",BỘ LƯU ĐIỆN UPS APC SURT20KRMXLI 20KVA,,APC,12351.33,205000000,0.32183908045977005
valid,true_positive,58786972#46197341,1,0.9982281441825804,1,Razer Ornata Chroma Gaming Keyboard,"Tastatura Razer Ornata Chroma â€“ Multi-color Membrane Gaming Keyboard - US Layout, Wired USB Connection, Razer Mecha-Membrane Technology, Mid-height keycaps, Razer Chroma backlighting, Ergonomic wris",,,199.95,851.82,1.0
test,true_positive,196253#6175893,1,0.9981620572663653,1,Tissot Le Locle T006.207.11.038.00,Đồng hồ Tissot T006.207.11.038.00,,,423.00,18140000,0.8620689655172414
valid,true_positive,29732271#89895212,1,0.9975414935731608,1,"Cooler Master Hyper H411R CPU Cooler with 92mm White LED PWM Fan, 4 Heat Pipes / Direct Contact / Aluminum Fins Intel: LGA 2066 / 2011-3 / 2011/1200/ 1151 /1150 /1155 /1156 / 1366 / 775, AMD AM4 / AM3+ / AM3 / AM2+ / AM2 / FM2+ / FM2 / FM1",Cooler Master CPU Cooler Hyper H411R,,,45,79,1.0
test,true_positive,55154351#51848095,1,0.9964832420073576,1,TISSOT EVERYTIME MEDIUM T109.410.11.033.00 (T109.410.11.033.00),Tissot T109.410.11.033.00,,,260.00,20390,0.8372093023255814
valid,true_positive,36012861#40412085,1,0.995381080896421,1,Tissot Tradition T063.617.16.057.00,Tissot T-Classic T063.617.16.057.00 Tradition Chrono Black 42mm,,,365.55,10250000,1.0
train,true_positive,56736608#95961137,1,0.9937040990659327,1,Atomos Coiled Full HDMI to Full HDMI Cable (30cm) - ATOMCAB010,Atomos ATOMCAB010 Coiled Full HDMI to Full HDMI Cable,Atomos,,29.00,22.96,1.0
valid,true_positive,6666822#46096282,1,0.9935380320111086,1,Corsair K55 RGB Gaming Keyboard,CORSAIR K55 RGB Gaming Keyboard - Quiet & Satisfying LED Backlit Keys - Media Controls - Wrist Rest Included – Onboard Macro Recording | CH-9206015-NA,,,3850.00,308.00,0.8518518518518519
test,true_positive,84686125#35452020,1,0.9933531291138861,1,"iPhone 7 Plus Lightning Connector Assembly, New, Fix Kit - Grey",iPhone 7 Plus Lightning Connector Assembly - Gray / New / Fix Kit / White / New / Fix Kit / Black / New / Fix Kit / Gray / New / Part Only / White / New / Part Only / Black / New / Part Only,,,69.99,44.99,0.8113207547169812
valid,true_positive,14737778#79816290,1,0.9925773102299625,1,"RAM Double U-Bolt Base with 2.25\"" Ball","RAM-D-235U - RAM Double U-Bolt Base with D Size 2.25\"" Ball for Rails from 0.75\"" to 1.25\"" in Diameter",,RAM Mounts,$64.05,,1.0
test,true_positive,32359565#19898746,1,0.992116274297723,1,SEATTLE MARINERS THE LEAGUE 9FORTY ADJUSTABLE,New Era Curved Brim 9FORTY The League Seattle Mariners MLB Navy Blue Adjustable Cap,,,24.99,24.95,0.296875
valid,true_positive,45988376#67275979,1,0.9915427834628758,1,BROTHER MFC-L2710DW COMPACT LASER ALL-IN-ONE WITH DUPLEX PRINTING WITH WIRELESS NETWORKING - COPIER/FAX/PRINTER/SCANNER - 32 PPM MONO PRINT - 2400 X 600 DPI PRINT - AUTOMATIC DUPLEX PRINT - 1200 DPI OPTICAL SCAN - 250 SHEETS INPUT - ETHERNET - WIRELE,Brother MFC-L2710DW - multifunction printer - B/W,,,$249.99,199.99,0.43333333333333335
train,true_positive,43289949#78234939,1,0.9914476209288344,1,MikroTik RouterBOARD Cloud Core Router CCR1036-12G-4S-EM,Mikrotik Cloud Core Router CCR1036-12G-4S-EM Extended Memory,MikroTik,,1140.72,4417.212901,0.7692307692307692
train,true_positive,67646392#31276154,1,0.9914331680056805,1,CS-R9100 CASSETTE 11-25 DURA-ACE 11-SPEED,Shimano Shimano Cs-R9100 Cassette 11-25 Dura-Ace 11-Speed,,Shimano,559.0,339.99,0.5333333333333333
valid,true_positive,10214898#18529215,1,0.9914170416860303,1,Swiss Military Hanowa Flagship 06-5161.2.04.007,Swiss Military Hanowa FLAGSHIP 06-5161.2.04.007 Men's Watch,,,1895.00,181.00,0.8941176470588235
train,true_positive,95961137#67669854,1,0.9911785281036416,1,Atomos ATOMCAB010 Coiled Full HDMI to Full HDMI Cable,Atomos Atomos coiled full HDMI to full HDMI cable (30-45cm),,Atomos,22.96,22.95,0.7294117647058823
test,true_positive,653566#29009865,1,0.991011690976089,1,Tissot Mens T-Race Cycling Light Blue Watch T111.417.37.441.05,Tissot T111.417.37.441.05 T-Race Cycling Chronograph Black PVD 44mm,Tissot,,377.65,11820000,0.7843137254901962
valid,true_positive,49816210#73760575,1,0.990852662964298,1,Gorro New Era Oakland Raiders HM Knitted Cap,Bonnet New Era Oakland Raiders HM Knitted Cap,,,3.19E1,3.19E1,0.926829268292683
valid,true_positive,30007794#77755482,1,0.9906930184904058,1,Canon Ink Jet Cartridge PGI-72 PBK/GY/PM/PC/CO Multipack 40433,Canon PGI-72 PBK/GY/PM/PC/CO 5 Ink Cartridge Multipack,,,55.99,679.99,0.9811320754716981
test,true_positive,12338419#2088770,1,0.9888861382272752,1,"WS-C3650-8X24UQ-LCisco Catalyst 3650 24 Port mGig, 4x10G Uplink, LAN Base","Cisco Catalyst 3650 24 Port mGig, 4x10G Uplink, LAN Base",,,3.58,,0.9433962264150944
train,true_positive,2965203#64197093,1,0.9886563214804192,1,APC Smart-UPS RT 192V RM Battery Pack,"APC Smart-UPS RT RM battery pack, Extended-Run, 192V bus voltage, Rack 6U, compatible with Smart-UPS RT RM 15 -20kVA, Black (SURT192RMXLBP2)",,,23449.00,278450,0.7868852459016393
valid,true_positive,91573353#51362158,1,0.986803655732518,1,Jacket New Era nfl new england patriots bomber,Bunda New Era nfl new england patriots bomber,,,1.199E2,1.199E2,0.9285714285714286
valid,true_positive,27584246#56852351,1,0.986784447146282,1,Kyocera toner TK-3100 (1T02MS0NL0),Kyocera TK-3100 Black Toner Cartridge,Kyocera,,104.90,96.73,0.619718309859155
valid,true_positive,67761649#25036871,1,0.9865786140053794,1,Seiko Presage Automatic Zen Garden SRPD41 SRPD41J1 SRPD41J Japan Made Mens Watch,Seiko Presage Automatic Zen Garden SRPD41 SRPD41J1 SRPD41J Japan Made Men's Watch,,,450,624.00,0.9937888198757764
train,true_positive,18649931#69398766,1,0.9864702640923643,1,Kappe New Era Clean Trucker Chicago Bulls Cap,Cap New Era Clean Trucker Chicago Bulls Cap,,,2.59E1,2.59E1,1.0
train,true_positive,26727944#20702772,1,0.9864363178967821,1,"SRAM SRAM NX Eagle 12-Speed Trigger Shifter with Discrete Clamp, Black","SRAM NX Eagle 12-Speed Trigger Shifter with Discrete Clamp, Black",SRAM,,42.00,42.00,1.0
train,true_positive,60706564#22000442,1,0.9857409754211867,1,Benq Monitor 27 SW271 LED 5ms/QHD/IPS/HDMI/DP/USB,Monitor 27 SW271 LED 5ms/QHD/IPS/HDMI/DP/USB,,,5558.47,5697.05,1.0
train,true_positive,78135307#56475885,1,0.9856517401838613,1,Cap New Era NFL New Orleans Saints 9Fifty Cap,Kappe New Era NFL New Orleans Saints 9Fifty Cap,,,3.99E1,3.99E1,1.0
valid,true_positive,81962548#4542785,1,0.9856151355413864,1,Atomos ATOM-CAB010 Full To Full Hdmi Coiled Cable,Atomos Cable - Full HDMI 30cm,,,32.99,29.00,0.7391304347826088
test,true_positive,36026562#43758464,1,0.9855965036842909,1,Cable Belkin DuraTek Lightning a USB - Oro,Belkin MIXIT DuraTek Lightning to USB Cable - Lightning-kabel - Lightning USB 2.0 - 1.22 m,Belkin,,89000,,0.923076923076923
valid,true_positive,89817886#57141050,1,0.9854721432478976,1,Tissot Expert Solar Watch T0914204605101,Tissot T-Touch Expert Solar Men's Watch - T0914204605101,,Tissot,1150,960.00,1.0
train,true_positive,27484833#32412614,1,0.9851033295099944,1,SWITCH CISCO WS-C3560CX-12PC-S,WS-C3560CX-12PC-S Cisco Catalyst 3560CX Network Switch (New),,,4112.12,861.00,0.7234042553191489
valid,true_positive,84550965#91705133,1,0.9850603408780357,1,Evolis Zenius & Primacy Black Printer Ribbon RCT023NAA,Evolis Primacy Zenius Ribbon Black RCT023NAA,,,19.95,18.45,1.0
test,true_positive,56698149#50987480,1,0.9844648548973189,1,Epson Ultra Glossy Photo Paper,Epson A4 300gsm Ultra Glossy Photo Paper - 15 sheets,Epson,,2150,19.49,1.0
train,true_positive,8921864#6635856,1,0.9841598325628858,1,ASUS ROG STRIX B550-F GAMING,ASUS ROG Strix B550-F Gaming AMD AM4 (3rd Gen Ryzen™) ATX gaming motherboard (PCIe 4.0 2.5Gb LAN BIOS FlashBack HDMI 2.1 Addressable Gen 2 RGB header and AURA Sync) - ASUS Official Store | Free Shipping and Financing Available,,ASUS,959,189.99,0.6976744186046511
train,true_positive,2965203#47967449,1,0.9835991532931263,1,APC Smart-UPS RT 192V RM Battery Pack,APC Smart-UPS RT 192V RM Battery Pack Battery enclosure,,,23449.00,4229.00,1.0
valid,true_positive,28877164#416796,1,0.9833233597410517,1,Cappello New Era NFL New Orleans Saints 9Fifty Cap,Gorra New Era NFL New Orleans Saints 9Fifty Cap,,,3.99E1,3.99E1,0.925
train,true_positive,29012618#20702772,1,0.9831405826658983,1,SRAM NX Eagle 12-Speed Trigger Shifter with Discrete Clamp,"SRAM NX Eagle 12-Speed Trigger Shifter with Discrete Clamp, Black",QBP,,42.0,42.00,0.9454545454545454
train,true_positive,34370737#94617064,1,0.9828603755669159,1,Catalyst 2960 48 10/100 Ports + 2 1000BT LAN Base Image,Cisco Catalyst WS-C2960-48TT-L 2960 48 10/100 + 2 1000BT LAN Base Image,CISCO,,€ 5313.02,890.00,0.9423076923076923
valid,true_positive,8482438#5062948,1,0.9826678820254611,1,"Life Extension Super Ubiquinol COQ10 with Enhanced Mitochondrial Support 100 mg, 60 Count","Life Extension, Super Ubiquinol CoQ10 with Enhanced Mitochondrial Support, 100 mg, 60 Softgels",,,46.50,2297.17,0.8961748633879781
valid,true_positive,53299737#65414283,1,0.982199037119051,1,"Johnnie Walker Blue Label Premium Scotch Whisky 40% vol. 0,7l",Johnnie Walker Blue Label Whisky 700ml,,,155.82,249.99,0.9142857142857143
train,true_positive,37848549#35590985,1,0.9817647448743725,1,Ernie Ball Hybrid Slinky 9-46 Electric Guitar Strings,Ernie Ball 2222 Hybrid Slinky Electric Guitar Strings 9-46,,Ernie Ball,7.99,11.49,1.0
train,true_positive,22486315#47977823,1,0.9816799809145367,1,Canon PGI-72 PBK/GY/PM/PC/CO Multipack - ink tank - 5 Inks,CANON PGI-72 PBK/GY/PM/PC/CO Multi Pack,,,51.37,,0.7213114754098361
valid,true_positive,20525609#41980780,1,0.9813107785866492,1,Ernie Ball 2222 Hybrid Slinky Nickel Wound Electric Guitar 6 String 9-46,Ernie Ball 2222 Electric Guitar Strings - Hybrid Slinky Nickel Wound - 9-46,,,5.49E0,5.99,0.9793103448275862
valid,true_positive,30102088#75962303,1,0.9810011630022525,1,Zebra 800015-101 Black Monochrome Ribbon - 1000 Prints,"Zebra C Series Black Monochrome Ribbon For P3xx, P4xx, P5xx printers - 1000 prints (800015-101)",,,9.54,20.00,0.8
valid,true_positive,6489894#12520296,1,0.9808957760402245,1,APPLE - WATCH MAGNETIC CHARGING CABLE 1 M ACCS,Apple Watch Magnetic Charging Cable (1 m),,,673.00,,0.25287356321839083
train,true_positive,11858288#206952,1,0.9807338653623034,1,Casquette New Era NY Yankees MLB 9Fifty Cap,Cap New Era NY Yankees MLB 9Fifty Cap,,,3.19E1,3.19E1,1.0
test,true_positive,25351062#45858702,1,0.9806853287944637,1,iPhone 4S Screen - New / Fix Kit / Black / Yeni / New / Fix Kit / White / Yeni / New / Part Only / Black / Yeni / New / Part Only / White / Yeni,iPhone 4S Screen - New / Fix Kit / Black / новое / New / Fix Kit / White / новое / New / Part Only / Black / новое / New / Part Only / White / новое,,,39.99,39.99,0.9557522123893806
train,true_positive,34471783#37251882,1,0.9805491740283954,1,Canon Pro Platinum Photo Paper 20Sh,"Canon PT-101 4""X6"" Photo Paper Pro Platinum (20 sheets)",,Canon,11.99,14.90,0.923076923076923
valid,true_positive,66718913#63697794,1,0.9804572131424591,1,Samsung Portable SSD T7 2TB,Samsung Dysk SSD Portable T7 2TB USB 3.2 GEN.2 BLUE,,,739.92,1652.99,1.0
train,true_negative,74938837#40769172,0,0.005843648189471249,0,Super Ubiquinol CoQ10 with Enhanced Mitochondrial Support™,GPSMAP® 66s Multisatellite handheld with sensors,,,13.50,399.99,0.339622641509434
valid,true_negative,89399226#52332060,0,0.006347478606482915,0,Super Ubiquinol CoQ10 with Enhanced Mitochondrial Support 50 mg,Daniel Wellington Classic St. Andrews Watch | Rose Gold 40mm,Life Extension,Daniel Wellington,15.00,229.00,0.32520325203252026
test,true_negative,19129911#81258259,0,0.00929519527088812,0,HyperX FURY Memory Black 16GB - PC4-21328 - DIMM,Swiss Military Hanowa06-5227.04.007 Airborne Uhr,Kingston,Swiss Military Hanowa,78.00,244.95,0.19148936170212763
train,true_negative,99055#6800809,0,0.009868750428395278,0,Sony Sony SEL 35mm f/2.8 FE Full Frame,Swiss Military Hanowa06-4226.30.003.03 Immersion Uhr,Sony,Swiss Military Hanowa,749.00,244.95,0.2117647058823529
train,true_negative,5015131#82269040,0,0.009907134181905664,0,DJI Mavic Mini - Fly More Bundle - NEW,ASUS M/B ROG STRIX X570-F GAMING,DJI,,599.95,1.22E3,0.20588235294117652
train,true_negative,62287971#66264990,0,0.01014656462408079,0,"Western Digital (WDC) 250GB 2.5\"" SATA SSD Blue 7mm Cased",Swiss Military Hanowa06-5161.2.04.007 Flagship Uhr,Western Digital (WDC),Swiss Military Hanowa,95.59,249.00,0.2616822429906541
train,true_negative,84877982#66806426,0,0.010730861824802065,0,Shimano Dura-Ace Cassette CS-R9100 11-28t,RAM Long Clamp RAM Standard Balls(RAM-201U-D),SHIMANO,RAM,325.00,72.00,0.2926829268292683
train,true_negative,51894879#24534092,0,0.011126337612449164,0,"D'Addario D'Addario EJ11 80/20 Bronze Acoustic Guitar Strings, Light, 12-53","Maxxis Assegai Tire - 29 x 2.5, Folding, Tubeless, Black, 3C Maxx Grip, DD, Wide Trail",D'Addario,Maxxis,8.99,90.00,0.3311258278145695
test,true_negative,93283940#16852878,0,0.011702719167720475,0,D7500 18-140mm VR Lens Kit,Brother HL-5140 1-Drum Unit,,,1299.95,229.57,0.339622641509434
train,true_negative,35930374#88912520,0,0.011730830405474436,0,Traveler's Company 008. ZIPPERFILE MIDORI TRAVELER'S NOTEBOOK,Power bank de 20000mah polímero de litiotl-pb20000/ tl-pb20000,Traveler's Company,Tplink,7.00,463.22,0.2166666666666667
train,true_negative,17681625#40616484,0,0.012015847051063604,0,HP printer Color LaserJet Professional CP5225dn (CE712A#B19),Brother printer HL-L5200DW (HLL5200DWG1),HP,Brother,1403.60,252.89,0.36
train,true_negative,48742674#60573676,0,0.012097274609237128,0,Daniel WellingtonDW00100150 Classic Cornwall watch,"Dymo Rhino White Vinyl Tape - 12mm, Black Text (p/n: 18444)",Daniel Wellington,Dymo Rhino,89.76,11.98,0.27522935779816504
test,true_negative,72312724#94294184,0,0.012319551349331275,0,Raymond Weil Mens Toccata Leather Strap Watch 5485-STC-00300,SRAM PG820 Cassette - 8 speed 11-32T Black,Raymond Weil,SRAM,564.95,14.99,0.25490196078431365
train,true_negative,19467145#36295476,0,0.012355369287961295,0,"Ram Mounts RAM Long Length Double Socket Arm for B Size 1\"" Balls",Corsair ML140 Magnetic Levitation 140mm Case Fan - Twin Pack,,Corsair,2.049E1,44.99,0.368
valid,true_negative,13329848#9513553,0,0.012445586520327677,0,Daniel Wellington St Mawes Classic DW00100006,Seagate Ironwolf Pro 6TB (ST6000NE000),,,,,0.3855421686746988
train,true_negative,5717009#54992750,0,0.012753960389745083,0,Jabra BIZ2300 2399-823-109 DUO USB Headset MS,FUJIFILM XF23/1.4 XF 23mm f/1.4 R,Jabra,FUJIFILM,160.0,0.0,0.20512820512820512
train,true_negative,12109505#36070372,0,0.012895346523315704,0,"RAM Mount Torque™ 3/4"" - 1"" Diameter Handlebar/Rail Base with 1"" Ball and X-Grip®",Corsair Vengeance LPX Black 16GB (1x16GB) DDR4 PC4-19200 2400MHz Single Module,RAM Mount,268,74.95,,0.3205128205128206
valid,true_negative,7068563#33722688,0,0.01289980366810725,0,CANON PFI-107 ink cartridge cyan,RAM B-224-1 Suction Base and Ball,CANON,Ram Mounts,418.40,19.20,0.3076923076923077
train,true_negative,58599683#40158082,0,0.012982629926625336,0,Swiss Military Hanowa Immersion 06-4226.30.003.03,ASUS ROG STRIX B550-E GAMING,SWISS MILITARY HANOWA,ASUS,9847.0000,257.99,0.18181818181818188
train,true_negative,93146764#27212721,0,0.013030517560605092,0,"RAM Mount 1\"" Ball with 2.5\"" Round Base",PH-1.2 P-handle hex wrench set 2-10mm,RAM Mount,Park Tool,20.00,756.59,0.2857142857142857
valid,true_negative,87426005#3777655,0,0.013247243933837314,0,Fujifilm Instax Square Film ( Black Frame 10's ),Logitech G402 Gaming Mouse USB Siyah 910-004068,FUJIFILM,LOGITECH,55.0,,0.27368421052631575
train,true_negative,2952392#62296316,0,0.013586599042014823,0,Carbide 175R RGB Windowed Mid-Tower Case Tempered Glass,Gigabyte GeForce RTX 2080 Ti WINDFORCE 11GB GDDR6 GeForce,Corsair,Gigabyte,69.90,,0.2884615384615384
train,true_negative,66496566#34370737,0,0.013680282606304389,0,"iiyama 23 \"" LED XU2390HS-B1 5 ms, 1920 x 1080 pixels, Black",Catalyst 2960 48 10/100 Ports + 2 1000BT LAN Base Image,iiyama,CISCO,,€ 5313.02,0.34782608695652173
train,true_negative,8499589#56475885,0,0.014010015213887329,0,Daniel Wellington Sheffield Classic DW00100036,Kappe New Era NFL New Orleans Saints 9Fifty Cap,,,,3.99E1,0.2921348314606742
train,true_negative,21683323#72600552,0,0.014057392629886497,0,Montre Seiko SRPA21K1 Prospex Padi edition,Casquette New Era NY Yankees 39Thirty Cap,,,449,2.59E1,0.26506024096385544
train,true_negative,4541509#8500749,0,0.0142166932862007,0,Jabra Evolve 20 UC Stereo Headset,Corsair Crystal 570X RGB ATX Mid-Tower Computer Case - White,Jabra,Corsair,$55.00,194.99,0.32258064516129037
train,true_negative,19480396#91975856,0,0.014283561511258843,0,Sandisk 64GBExtreme Pro CFast 2.0 Card,BenQ SW2700PT Pro 27in IPS QHD LCD Monitor,,,119.99,609.0,0.35
train,true_negative,18252855#16202611,0,0.014315724400313552,0,SanDisk Extreme PRO USB 3.1 Solid State Flash Drive 128GB,Swiss Military Hanowa06-4307.30.007 Undercover Multifunction Watch,SanDisk,Swiss Military Hanowa,52.39,160.00,0.2764227642276423
test,true_negative,63634340#21688304,0,0.014432519803446734,0,"Zebra Black Monochrome Ribbon - K - 1,000 prints",Venturesafe G3 25 Rucksack 14″ Ripstop-Nylon schwarz,zebra,Pacsafe,,83.9,0.2857142857142857
train,true_negative,16111692#62894191,0,0.014644028644593627,0,APC Smart-UPS 1000VA LCD 230V SMT1000I - SMT1000I,Oakley Jawbreaker Black Prizm OO9290 20 131-0,APC by Schneider Electric,Oakley,7150,,0.2823529411764706
valid,true_negative,35443269#61647965,0,0.014686880846093688,0,iPhone 4 Replacement Battery - Fix Kit / Yeni / Part Only / Yeni,Omega Railmaster Denim Co-Axial Master Chronometer NATO Strap,,Omega,14.99,4900,0.32758620689655177
test,true_negative,62262769#52499440,0,0.014813147188045293,0,"D'Addario D'Addario EXL120-7 Nickel Wound 7-String Electric Guitar Strings, Super Light, 09-54",Luminor Marina 1950 3 Days Stainless Steel Automatic,D'Addario,Pre-Owned Panerai,7.99,6000.00,0.36764705882352944
test,true_negative,69644238#63355235,0,0.014931265292278999,0,JABRA EVOLVE 20 MS MONO NC MON,D'Addario: Nickle Bronze (11-52),,,56.080,11.50,0.19354838709677424
test,true_negative,18682580#66204747,0,0.015011314560329414,0,Grand Prix 4-Season Duraskin 700c Bike Tire,Shimano Alfine CT-S500 Chain Tensioner (Black),,Shimano,7.995E1,23.99,0.35955056179775285
train,true_negative,95282914#56475885,0,0.015261374839627,0,Jabra Evolve 80 UC stereo SKype for Business,Kappe New Era NFL New Orleans Saints 9Fifty Cap,Jabra,,"€ 230,35",3.99E1,0.32183908045977005
train,true_negative,21576898#59471113,0,0.015279009080043487,0,Manfrotto Stativ Video Set MVH500A + MVT502AM + Tasche,"Cooler Master MasterFan MF121L RGB Computer behuizing Ventilator 12 cm Zwart, Transparant",Manfrotto,CoolerMaster,456.23,7.36,0.2836879432624113
test,true_negative,19140046#48327523,0,0.01568298400625718,0,135mm f/2.0L USM Telephoto Lens for Canon SLR Cameras 2520A004,"Continental Continental Grand Prix 5000 Tire - 700 x 25, Clincher, Folding, Black, 330tpi",Canon,Continental,999.00,79.95,0.3165467625899281
train,true_negative,2122858#54853495,0,0.015866540990029956,0,"Reifen Maxxis 27,5x2.35 Ardent Race",Originlny toner OKI 44992402 (iern),Maxxis,Znaka: Originlne,47.70,79.9,0.2
train,true_negative,40886103#53072167,0,0.015905400154282125,0,Apple Apple MacBook Charger 60W MagSafe 2 Power Adapter - A1435 (MD565LL/A),Crystal Series 460X RGB Compact ATX Mid-Tower Case - CC-9011101-WW,Apple,Corsair,59.99,178.56,0.3407407407407408
train,true_negative,74525970#34370737,0,0.016068549241375428,0,Cle Usb KINGSTON 16GB DT MicroDuo USB 3.0 micro USB OTG,Catalyst 2960 48 10/100 Ports + 2 1000BT LAN Base Image,KINGSTON,CISCO,7.99,€ 5313.02,0.2641509433962264
train,true_negative,78756231#21576898,0,0.01623836670954383,0,KINGSTON 8GB 1600MHz DDR3 CL10 DIMM HyperX Fury Series,Manfrotto Stativ Video Set MVH500A + MVT502AM + Tasche,Kingston,Manfrotto,40.78,456.23,0.3018867924528301
valid,true_negative,84115326#13829035,0,0.016327475753434424,0,Epson GF Stylus Photo 11880 Cartucho Negro claro,Watercooling COOLER MASTER ML120R RGB (addressable),,COOLER MASTER,283.28157,101.99,0.2424242424242425
train,true_negative,24366661#25663432,0,0.016421399426719337,0,Daniel WellingtonDW00100036 Classic Sheffield watch,Razer Viper Chroma Optical Ambidextrous Gaming Mouse,Daniel Wellington,Razer,94.40,79.99,0.2330097087378641
train,true_negative,36155438#31147017,0,0.016421892378211237,0,Logitech BRIO 4K Stream Edition Webcam with FREE XSplit Software,Intel Core i3 8300 3.7GHz 8th Gen Coffee Lake Processor/CPU Retail,Logitech,Intel,208.99,191.22,0.3076923076923077
valid,true_negative,76663119#51766259,0,0.01666332778263303,0,BIZ 2300 USB DuoMicrosoft optimized,"HDD: 10 Tb (3.5\"") 7200 Seagate IronWolf SATA III 256Mb (ST10000VN0008)",Jabra,Seagate,,,0.28301886792452835
valid,true_negative,28830600#41132816,0,0.016670122105000438,0,Swiss Military Hanowa Undercover Multifunction Horloge,"Maxxis Maxxis Highroller 2 Tire, 27.5 x 2.5\"" 3C EXO TR",,Maxxis,,75.00,0.25490196078431365
test,true_negative,75400332#80750554,0,0.016679392453539058,0,Carl Zeiss Zeiss Batis 135mm f/2.8 Lens for Sony E Mount,Smok V12 Prince Dual Mesh 3pk,Carl Zeiss,Smok,1699.99,17.99,0.3544303797468355
valid,true_negative,70833173#30738101,0,0.016773687211947268,0,"HDD: 4 Tb (3.5\"") 7200 Seagate IronWolf Pro SATA III 128Mb (ST4000NE001)",Ubiquiti EdgeSwitch ES-16-150W 16xGB 2xSFP – Switch,Seagate,UBIQUITI,,323.00,0.22764227642276424
test,true_negative,35879679#28797890,0,0.016863296661104372,0,Aspire Aspire Nautilus BVC Coils,Shimano BR-M8120 XT 4-Piston Disc Brakes - Rear Brake (1700mm),Aspire,Shimano,14.95,209.99,0.25287356321839083
valid,true_negative,22020294#51909448,0,0.01688605229655845,0,Oakley Sunglasses Jawbreaker OO9290-20 Matt Black Prizm Road,Shimano Shimano PD-R7000 105 SPD-SL PEDAL W/O REFLECTOR W/CLEAT,,Shimano,1.3999E2,149.99,0.19130434782608702
train,borderline,64715021#43951434,0,0.6600302654823056,1,HIKVISION DS-7204HQHI-K1 2MP TVI 4 CHANNEL TURBO 4.0 DVR,"HIK 8-CH TURBO 4.0 DVR, DS-7208HQHI-K1",,,72.00,0.00,0.7234042553191489
test,borderline,172054#17058930,0,0.6600498891087986,1,"250 Rounds of 2-3/4\"" 1-1/8 ounce #7-1/2 shot 12ga Ammo by Estate Cartridge",250 Rounds of 1 ounce #8 shot 12ga Ammo by Winchester,,,60,72.95,0.8222222222222223
train,borderline,31803140#23279983,0,0.6599254755071862,0,Corsair Vengeance LPX 16GB DDR4 2400MHz(CMK16GX4M1A2400C14),Corsair Vengeance LPX 16GB (2x8GB) 2133MHz CL13 DDR4,,Corsair,23375,89,0.746987951807229
test,borderline,45135716#26953619,1,0.6600780471553421,1,7kg Fisher & Paykel Vented Dryer,Fisher & Paykel DE7060G1 7kg Vented Dryer,,,,439,1.0
valid,borderline,70291557#95592561,0,0.6600794863417272,1,Kingston Canvas Select Plus SDHC Memory Card UHS-I 4K FULL HD 100MB/s - 32GB,Kingston Canvas Select Class 10 Micro SD Card - 32GB,Kingston,Kingston,,19.99,0.7906976744186046
train,borderline,41256110#29412990,0,0.6599088220858264,0,LaCie 5TB HDD External Mobile Drive - Moon Silver,LaCie Mobile Drive USB-C Moon Silver 4To disque dur,,,159.99,142.90,0.759493670886076
train,borderline,24085271#4541509,0,0.6597838521720756,0,Jabra Evolve 40 Duo UC USB Headset,Jabra Evolve 20 UC Stereo Headset,,Jabra,85.29,$55.00,0.8214285714285714
valid,borderline,31905472#81157886,0,0.6597232830044596,0,VENGEANCE® LPX 16GB (2 x 8GB) DDR4 DRAM 3200MHz C16 Memory Kit - Black,Corsair Vengeance Lpx 8 Gb (1x8 Gb) Ddr4 Dram Dimm 2666 M Hz Unbuffered 16 18 18 35 Black Heat Spreader 1.2 V Xmp 2.0,,Corsair,4.2E2,0.0,0.3695652173913044
train,borderline,67646392#51733905,0,0.6603930837204222,1,CS-R9100 CASSETTE 11-25 DURA-ACE 11-SPEED,Shimano Shimano Cs-R8000 Cassette 11-28t Ultegra 11-Speed,,Shimano,559.0,117.99,0.4222222222222222
valid,borderline,331049#2158913,0,0.6604495045180748,1,Dura-Ace 9100 11-Speed Cassette,Shimano Dura-Ace CS-R9100 11-28T 11sp Cassette,,Shimano,255.99,296.99,0.7083333333333333
train,borderline,24085271#23346990,0,0.6604799291761159,1,Jabra Evolve 40 Duo UC USB Headset,Jabra Evolve 20 UC Mono Corded USB Headset,,Jabra,85.29,41.99,0.8852459016393442
valid,borderline,6294216#71375609,1,0.6604852112536306,1,Tissot T-Race Chronograph Watch T1154173705100,TISSOT T-RACE CHRONOGRAPH T115.417.37.051.00 (T115.417.37.051.00),,,625.00,615.00,0.3963963963963964
train,borderline,87637930#95968974,0,0.6594631333187971,0,PH-GTX1660S-O6G 6 GB Geforce GTX 1660 Super Overclocked Phoenix Fan Edition Hdmi DP Dvi Graphics Card,ASUS nVidia Super TUF3-GTX1660S-O6G-GAMING GeForce GTX1660S OC 6GB Graphics Card - 3 Fans,ASUS,,,499.00,0.6
valid,borderline,46627365#20135620,0,0.659459734445646,0,"Carbide Series 275R Tempered Glass, No PSU, ATX, White, Mid Tower Case","Cooler Master MasterCase H500 ARGB Iron Grey ATX Case, Tempered Glass Window, NO PSU, 2x USB 3.0, 2x USB 2.0, HD Audio, ARGB Controller, includes 2x 200mm ARGB / 1x 120mm Black Fan, Interchangeable Front Panels",,,125.17,169.00,0.3769230769230769
test,borderline,17447786#9563912,1,0.660626692334741,1,Zebra ZXP 8 Laminate 1.0 mil Clear Bottom 800084-918,Zebra 800084-918 Overlaminate Ribbon 625 Images,,,114.24,76.8,0.6262626262626262
valid,borderline,21556335#45840265,0,0.660661895960967,1,Zebra 800033-801 Black Monochrome Ribbon for ZXP Series 3 Printers - 1000 Prints,"Zebra 800011-101 Black Monochrome Ribbon - K - 1,000 prints",,,18.13,27,0.7445255474452555
train,borderline,20898202#53951521,0,0.6593298217227388,0,"SanDisk 480GB SSD Plus SATA III 2.5\"" Internal SSD",120GB Plus SSD Drive SATA III,,SanDisk,78.99,27.50,0.7391304347826088
train,borderline,18599997#63396450,1,0.660744536662845,1,3M - PF230W9F Framed Privacy Filter for 23.0in Widescreen Monitor,Privacy filter 23 Wide - Flex,,3M,203.68,595,0.5106382978723404
test,borderline,40458528#8035591,0,0.6608095279196741,1,Nikon EN-EL23 Rechargeable Li-ion Battery for P600/610 and P900,FENIX ARE-A4 Multifunctional Smart Battery Charger for Popular Rechargeable Batteries,,FENIX,69.99,39.95,0.5517241379310345
train,borderline,25025467#77373298,1,0.6591563914793854,0,Maxxis High Roller II 27.5 x 2.5 Wide Trail 3C Maxx Terra EXO/TR Folding Mountainbike Tyre,"Maxxis Maxxis, High Roller II, Tire, 27.5''x2.50, Folding, Tubeless Ready, 3C Maxx Terra, EXO, Wide Trail, 60TPI, Black",Maxxis,Maxxis,£48.00,102.00,0.6985645933014354
train,borderline,74103125#85384846,1,0.6590996989478305,0,"ELEKTRO GTAR TEL SET, MEDIUM/HEAVY BOTTOM, NI",D'ADDARIO NYXL MED TOP/HVY BOTTOM 11/52 ELECTRIC STRINGS,DADDARIO,,109.61,25.99,0.4554455445544554
train,borderline,457768#77996967,0,0.6609272223607906,1,"Seagate IronWolf 6TB 3.5"" NAS HDD",12TB - Seagate IronWolf NAS 7200RPM - ST12000VN0008,,,0,309.8,0.7547169811320755
test,borderline,21436544#88491960,0,0.6609471679494205,1,Manfrotto MK055XPRO3-BHQ2 Tripod Kit w/ Ball Head,Manfrotto MK190X3-3W1 Aluminium Tripod with 804 Mk II head,,,429.99,179.00,0.5233644859813085
train,borderline,66446445#32611065,0,0.6590095542727221,0,"Genuine OKI 43865724 Black Toner Cartridge (8,000 Pages) for OKI C5850, C5950, MC560 Printers",Lexmark X945X2KG Black Toner Cartridge Genuine,OKI,,146.93,282.25,0.7733333333333333
train,borderline,81056179#14537538,1,0.6590079575410783,0,Diver 300M 42mm TITANIUM TANTALUM SEDNA GOLD ON TITANIUM TANTALUM SEDNA GOLD 210.60.42.20.99.001,Seamaster Diver 300m Limited Edition Titanium and 18ct Sedna Gold Automatic Men’s Watch,,,53072,11120,0.2857142857142857
train,borderline,98066391#82269040,1,0.661018728996479,1,ASUS Scheda Madre ROG STRIX X570-F GAMING AMD,ASUS M/B ROG STRIX X570-F GAMING,,,"€ 336,00",1.22E3,0.9333333333333332
valid,borderline,64148934#80914174,0,0.6611023224930185,1,MB ASUS PRIME PRIME B365M-A LGA1151 (COFFEE LAKE) 4DDR4 VGA+DVI+HDMI PCIe M2 Raid mATX,MB Presa AM4 ASUS PRIME B450-PLUS,,,106.63,93.66,0.5652173913043478
test,borderline,1846119#4931789,0,0.6588759490571646,0,Nikon AF-S NIKKOR 70-200mm f2.8 FL ED VR Lens,Nikon 400mm f/2.8E FL ED VR AF-S NIKKOR,Nikon,,1779.0000,10799.10,0.8571428571428571
train,borderline,36157293#80691068,1,0.6612229814194003,1,Gigabyte RTX2080 TI AORUS XTREME11GB GDDR6 HDMI 3xDP USB-C,GIGABYTE GeForce RTX 2080 Ti AORUS Xtreme - 11GB GDDR6 RAM - Grafikkort,,,1295,8999.00,0.4094488188976378
valid,borderline,35724064#44517360,0,0.6612601884707714,1,Ubiquiti UVC-G3-FLEX UniFI IP Dome Camera,"Ubiquiti Unifi Uvc-g4-pro 8 Megapixel Network CameraBullet - H.264 - 3840 X 2160 - 3x Optical - Os08a20 - Wall Mount, Ceiling Mount, Pole Mount",,,$‎147.95,431.09,0.3265306122448979
train,borderline,10320617#98066391,0,0.6612610021138635,1,ASUS Scheda Madre TUF X470-PLUS GAMING AMD X470,ASUS Scheda Madre ROG STRIX X570-F GAMING AMD,,,"€ 198,00","€ 336,00",0.782608695652174
train,borderline,91661707#48868171,0,0.661431643100242,1,ZEBRA 800011-101 BLACK RIBBON (1000 PRINTS),ZEBRA 800033-801 BLACK RIBBON (1000 PRINTS),,,12.65,9.5,0.9302325581395349
test,borderline,68819356#81510647,0,0.661475325818632,1,"Garmin 010-01872-00 Striker Plus 5Cv with Cv20-TM transducer, 5 inches",Garmin echoMAP(tm) Plus 43cv,Garmin,,299.99,,0.5641025641025641
valid,borderline,81014895#70265673,0,0.6584209138950047,0,Crucial DDR3 1600MHz 8GB (1x8) SODIMM Memory RAM CT102464BF160B | PCByte,Crucial DDR3L 1600MHz 4GB (1x4) Desktop Memory RAM CT51264BD160BJ | PCByte,Crucial,Crucial,62.0,33.0,0.8493150684931507
train,borderline,78190984#12727811,0,0.6615812504771714,1,Brother HL-L5200DW Business Laser Printer with Wireless Networking and Duplex Printing - HL-L5200DW,"Brother HL-L6200DW Business Laser Printer with Wireless Networking, Duplex Printing - HL-L6200DW",Brother,Brother,275.98,299.98,0.9595375722543352
train,borderline,50250903#44557157,0,0.6616368175250952,1,Ubiquiti UniFi Protect UVC-G4-PRO,Ubiquiti UVC-G3-FLEX-3 UniFi Protect G3 FLEX Camera 3-Pack,Ubiquiti,,6195,$‎234.95,0.8
test,borderline,77417818#46862234,0,0.6582166127299154,0,OKI 42127407 Original Cyan High Capacity Toner Cartridge,Toner Dell Technologies - Dell - alta capacit - ciano - originale - cartuccia toner 593-10290,OKI,,198.92,3.1898E2,0.4705882352941177
train,borderline,8165330#49183975,0,0.6618739481682793,1,TP-Link TL-SG1008 8xRJ45 10/100/1000Mbps,TP-LINK TL-SG108PE Unmanaged Gigabit Ethernet (10/100/1000) Zwart Power over Ethernet (PoE),,TP-Link,31.46,56.40,0.4590163934426229
valid,borderline,4412392#39023980,1,0.662023252926706,1,"Maxxis Maxxis, High Roller II, Tire, 29''x2.50, Folding, Tubeless Ready, 3C Maxx Terra, Double Down, Wide Trail, 120x2TPI, Black",Maxxis Highroller II Black Fold/120 x 2 3C/Terra/DD/TR/WT Tires,Maxxis,,122.00,9.0E1,0.4397905759162304
test,borderline,50066280#43886265,0,0.6620536960777058,1,"COOLER MASTER CASE H500P MESH ARGB MID TOWER, SIDE PANEL, MICROATX-MINI ITX, 2XUSB 3.2, 2XUSB 2.0, 1X3.5MM AUDIO JACK, 1X3.5MM MIC JACK, 1XARGB CONTROLLER, 1XARGB 2-TO-3 SPLITTER, 2X200MM ARGB FAN FRONT, 1X140MM ARGB FAN REAR, NERO",CASE/PSU FAN COOLER MASTER MASTERFAN SF120M,,Cooler Master,215.00,29.99,0.5666666666666667
test,borderline,32364706#49774127,0,0.6620938024836851,1,Rondure 1 Light Sphere Pendant,Uttermost 21908 Fascination 3 Light Silken Drum Pendant Light,,,6.2216E2,7.898E2,0.6046511627906976
test,borderline,92162090#51543051,0,0.6578507532435245,0,"Patriot Memory P210 2.5\"" 256 GB SATA III SSD",SSD disk Patriot P210 2TB,Patriot,PATRIOT,36.95,5352.00,0.7804878048780488
test,borderline,73086055#53241629,1,0.662155129529344,1,"OEM Canon CLI-221M, 2948B001-K lnk Cartridge - Magenta - 3 / Pack",Canon CLI-221M CLI221 Dye Ink Cartridge,,,74.95,19.7,0.6078431372549019
train,borderline,56603137#74456310,0,0.6621653238077428,1,Asus ROG STRIX B550-E GAMING AM4 ATX Motherboard,ASUS ROG Strix X570-F Gaming moederbord Socket AM4 ATX AMD X570,,ASUS,409.00,278.99,0.46846846846846846
test,borderline,23833261#55728462,1,0.6577339363103516,0,"Monitor 23.8\"" ACER B247Ybmiprx, 16:9, IPS, LED, FHD 1920*1080, 4 ms, 250 cd/mp, 1000:1/ 100M:1, 178/178, pivot, VGA, HDMI, DP(1.2), UM.QB7EE.001","Acer B7 B247Y bmiprx 23.8\"" Full HD LED Mat Flat Zwart computer monitor",ACER,,729,137.20,0.3425925925925925
test,borderline,17116847#66105744,1,0.6622906595251681,1,Tissot Men's T0554171605700 'PRC 200' Chronograph Black Leather Watch,Tissot T-Sport PRC Watch T0554171605700,,,525.00,,0.8181818181818181
train,borderline,21521091#98651543,1,0.6577061598169391,0,"High Roller II Tire - 29 x 2.3, Tubeless, Folding, Black, Dual, EXO","Maxxis Maxxis High Roller II Tire: 29 x 2.30\"", Folding, 60tpi, Dual Compound, EXO, Tubeless Ready, Black",,Maxxis,59.00,66.00,0.7636363636363636
train,borderline,21230169#1880445,1,0.662321083607409,1,JetStream 8-Port Gigabit Smart Switch,TP-LINK 8-Port Gigabit Smart Switch,,,49.99,59.99,0.8709677419354839
test,borderline,5155138#31526766,0,0.657627437742583,0,SMX120RMBP2UAPC Smart-UPS X 120V External Battery Pack Rack/Tower,SUA48XLBPAPC Smart-UPS XL 48V Battery Pack Tower/Rack Convertible,,,1.02,845.79,0.6
train,borderline,67394791#88555676,1,0.6624627958438605,1,Epson 79XXL Black Extra High Yield Inkjet Cartridge C13T789140 / T7891 EP52923,Epson atrament WF5000 series black XXL - 65.1ml C13T789140,Epson,,57.10,59.71,0.4705882352941177
